Timestamp,ID_Unidade,Consumo_kWh,rolling_mean,rolling_std,z_score,0.25,0.75,iqr,iqr_anomaly
2025-01-06 06:00:00,U002,694.634,390.404875,85.38103799633417,3.5631930946196984,354.81875,750.6415,395.8227499999999,False
2025-01-06 07:00:00,U001,1217.711,530.962125,154.7798457715688,4.4369399102098575,502.18724999999995,1186.6887499999998,684.5014999999999,False
2025-01-06 07:00:00,U006,867.45,364.6214166666667,114.27905817394215,4.400006364840589,344.4175,806.924,462.50649999999996,False
2025-01-06 08:00:00,U001,1265.321,559.9131666666666,215.54889867955956,3.272611633158982,502.18724999999995,1186.6887499999998,684.5014999999999,False
2025-01-06 08:00:00,U005,306.133,102.98312500000002,43.546993928411105,4.6650722971594165,95.906,300.6555,204.7495,False
2025-01-06 08:00:00,U006,854.985,384.68004166666674,151.95723556645223,3.094982325653488,344.4175,806.924,462.50649999999996,False
2025-01-06 09:00:00,U005,288.471,110.85875,57.679977517068714,3.0792704443659122,95.906,300.6555,204.7495,False
2025-01-13 06:00:00,U002,701.241,404.72575,91.0168966894524,3.257804438352841,354.81875,750.6415,395.8227499999999,False
2025-01-13 07:00:00,U001,1139.522,527.6498333333334,139.38547140204926,4.389784390811844,502.18724999999995,1186.6887499999998,684.5014999999999,False
2025-01-13 07:00:00,U006,910.8629999999999,373.3006666666667,121.6433716168664,4.419166668829803,344.4175,806.924,462.50649999999996,False
2025-01-13 08:00:00,U001,1214.933,555.8984583333333,197.81093810153007,3.3316385230851346,502.18724999999995,1186.6887499999998,684.5014999999999,False
2025-01-13 08:00:00,U005,320.159,105.16379166666667,46.34430338331922,4.6390859855003646,95.906,300.6555,204.7495,False
2025-01-20 06:00:00,U002,755.55,409.3548333333333,98.31451172979091,3.521302812530409,354.81875,750.6415,395.8227499999999,False
2025-01-20 07:00:00,U001,1337.093,546.9820416666668,175.60116797484258,4.4994630015588974,502.18724999999995,1186.6887499999998,684.5014999999999,False
2025-01-20 07:00:00,U006,890.529,373.2955,116.41471469632422,4.443025105110116,344.4175,806.924,462.50649999999996,False
2025-01-20 08:00:00,U001,1333.79,580.3795833333334,237.8621190211052,3.167424976146864,502.18724999999995,1186.6887499999998,684.5014999999999,False
2025-01-20 08:00:00,U005,331.829,105.05141666666668,48.61245143404678,4.665010231812847,95.906,300.6555,204.7495,False
2025-01-20 08:00:00,U006,901.722,396.7515416666667,158.32595038936066,3.189435825848463,344.4175,806.924,462.50649999999996,False
2025-01-20 09:00:00,U005,353.494,116.06233333333334,70.06723988003108,3.38862594092755,95.906,300.6555,204.7495,False
2025-01-27 06:00:00,U002,717.801,409.93833333333333,91.33532012538356,3.3706858008932157,354.81875,750.6415,395.8227499999999,False
2025-01-27 07:00:00,U001,1284.7060000000001,544.6835416666667,167.7141117912006,4.41240424213462,502.18724999999995,1186.6887499999998,684.5014999999999,False
2025-01-27 07:00:00,U006,837.052,379.3997916666667,103.6017150949116,4.417419228186223,344.4175,806.924,462.50649999999996,False
2025-01-27 08:00:00,U001,1270.344,576.3512083333334,223.43937966549825,3.1059555961246144,502.18724999999995,1186.6887499999998,684.5014999999999,False
2025-01-27 08:00:00,U005,367.01599999999996,107.72370833333332,55.698843393251956,4.655254505663227,95.906,300.6555,204.7495,False
2025-01-27 09:00:00,U005,340.15,118.44441666666667,72.83075359914132,3.044120407617851,95.906,300.6555,204.7495,False
2025-02-03 06:00:00,U002,731.8919999999999,419.5747083333333,93.95515528326824,3.3241102175293284,354.81875,750.6415,395.8227499999999,False
2025-02-03 07:00:00,U001,1337.369,555.01275,173.95736175037737,4.497402364164693,502.18724999999995,1186.6887499999998,684.5014999999999,False
2025-02-03 07:00:00,U006,863.054,384.63237499999997,111.75726688591772,4.280899473753012,344.4175,806.924,462.50649999999996,False
2025-02-03 08:00:00,U001,1288.759,585.9082083333334,229.50055784775884,3.0625232385400505,502.18724999999995,1186.6887499999998,684.5014999999999,False
2025-02-03 08:00:00,U005,323.46500000000003,107.58791666666667,46.60476584224087,4.632081707353418,95.906,300.6555,204.7495,False
2025-02-03 09:00:00,U005,337.784,117.66483333333333,66.06108859866407,3.332054789528825,95.906,300.6555,204.7495,False
2025-02-10 06:00:00,U002,755.264,424.028125,96.91944028634909,3.4176412288531752,354.81875,750.6415,395.8227499999999,False
2025-02-10 07:00:00,U001,1287.687,558.5730833333333,163.9338466842268,4.447610614976313,502.18724999999995,1186.6887499999998,684.5014999999999,False
2025-02-10 07:00:00,U006,934.887,387.9038333333333,124.848266513944,4.381183511311112,344.4175,806.924,462.50649999999996,False
2025-02-10 08:00:00,U001,1240.441,587.68675,214.9242636398958,3.037136147148493,502.18724999999995,1186.6887499999998,684.5014999999999,False
2025-02-10 08:00:00,U005,315.933,108.44775,44.99924569826706,4.610860621781275,95.906,300.6555,204.7495,False
2025-02-10 08:00:00,U006,906.965,409.54887499999995,163.74465707534807,3.037754842718997,344.4175,806.924,462.50649999999996,False
2025-02-10 09:00:00,U005,346.64500000000004,118.90716666666668,66.10966059817406,3.4448495314105947,95.906,300.6555,204.7495,False
2025-02-17 06:00:00,U002,743.721,437.32908333333336,96.67232722333655,3.169385960460297,354.81875,750.6415,395.8227499999999,False
2025-02-17 07:00:00,U001,1325.0710000000001,556.2095416666667,171.93682871358376,4.471767125669859,502.18724999999995,1186.6887499999998,684.5014999999999,False
2025-02-17 07:00:00,U002,840.2860000000001,459.48537500000003,123.1739886617858,3.091566889545258,354.81875,750.6415,395.8227499999999,False
2025-02-17 07:00:00,U006,891.3679999999999,392.424375,112.60681115040256,4.430847653909576,344.4175,806.924,462.50649999999996,False
2025-02-17 08:00:00,U001,1452.359,595.0347916666666,250.70050921471844,3.4197146667901563,502.18724999999995,1186.6887499999998,684.5014999999999,False
2025-02-17 08:00:00,U005,315.645,109.84416666666665,44.68520287392714,4.605570079070039,95.906,300.6555,204.7495,False
2025-02-17 08:00:00,U006,936.7950000000001,416.3125,157.90103398014983,3.296257705731245,344.4175,806.924,462.50649999999996,False
2025-02-17 09:00:00,U005,344.036,120.20529166666667,65.2704952536009,3.4292785348673274,95.906,300.6555,204.7495,False
2025-02-17 18:00:00,U004,1797.621,1365.0155416666666,224.08525015017946,1.9305396407992317,1082.42825,1363.5155,281.08725000000004,True
2025-02-19 18:00:00,U004,1804.3590000000002,1326.3442916666665,205.629495489484,2.3246407680739534,1082.42825,1363.5155,281.08725000000004,True
2025-02-22 18:00:00,U004,1820.514,1337.5947916666667,216.3092846006237,2.2325403610157415,1082.42825,1363.5155,281.08725000000004,True
2025-02-23 18:00:00,U004,1818.4,1414.3295,224.42982180996609,1.8004314076501966,1082.42825,1363.5155,281.08725000000004,True
2025-02-24 06:00:00,U002,753.7139999999999,441.00016666666664,95.86456885068557,3.262037654604201,354.81875,750.6415,395.8227499999999,False
2025-02-24 07:00:00,U001,1372.395,569.7945833333333,178.07933032119254,4.50698245113039,502.18724999999995,1186.6887499999998,684.5014999999999,False
2025-02-24 07:00:00,U006,960.6949999999999,392.62512499999997,125.902114385437,4.511996305803964,344.4175,806.924,462.50649999999996,False
2025-02-24 08:00:00,U005,335.475,109.37679166666665,48.69449473478895,4.643198570285223,95.906,300.6555,204.7495,False
2025-02-24 09:00:00,U005,330.36699999999996,119.16229166666666,66.22849658140305,3.1890306927583127,95.906,300.6555,204.7495,False
2025-02-25 20:00:00,U003,3255.011,2635.67175,243.6804119389062,2.54160457573125,2266.2765,2606.3959999999997,340.1194999999998,True
2025-02-26 17:00:00,U004,1816.093,1376.505875,218.87502719634747,2.0083932398813915,1082.42825,1363.5155,281.08725000000004,True
2025-02-27 18:00:00,U004,1826.321,1354.8796666666667,220.27145273753055,2.1402743182299244,1082.42825,1363.5155,281.08725000000004,True
2025-03-01 21:00:00,U003,3116.789,2632.197958333333,234.56042505512227,2.0659539713606287,2266.2765,2606.3959999999997,340.1194999999998,True
2025-03-03 06:00:00,U002,773.5409999999999,449.0715416666667,106.9558364445981,3.033676974714743,354.81875,750.6415,395.8227499999999,False
2025-03-03 07:00:00,U001,1350.901,583.5741666666667,171.8724156547926,4.46451415958752,502.18724999999995,1186.6887499999998,684.5014999999999,False
2025-03-03 07:00:00,U006,905.86,394.33750000000003,114.75173569664275,4.457644992423112,344.4175,806.924,462.50649999999996,False
2025-03-03 08:00:00,U001,1336.341,615.1489166666667,230.51251063943675,3.1286461690637175,502.18724999999995,1186.6887499999998,684.5014999999999,False
2025-03-03 08:00:00,U005,326.25800000000004,110.59700000000002,46.43231926147885,4.644631227346779,95.906,300.6555,204.7495,False
2025-03-03 09:00:00,U005,344.74699999999996,121.132625,66.39782810474362,3.36779652863411,95.906,300.6555,204.7495,False
2025-03-04 21:00:00,U003,3281.816,2607.3324583333333,252.6514363157886,2.669620848003534,2266.2765,2606.3959999999997,340.1194999999998,True
2025-03-06 20:00:00,U003,3120.423,2603.404125,240.15037534306802,2.1528963852811382,2266.2765,2606.3959999999997,340.1194999999998,True
2025-03-08 19:00:00,U003,3204.264,2671.508083333333,250.3146643922747,2.1283448093627113,2266.2765,2606.3959999999997,340.1194999999998,True
2025-03-08 20:00:00,U003,3165.37,2679.1375000000003,262.68300278074963,1.8510238380586705,2266.2765,2606.3959999999997,340.1194999999998,True
2025-03-08 21:00:00,U003,3150.583,2687.9267916666668,275.01775011963514,1.6822776280151874,2266.2765,2606.3959999999997,340.1194999999998,True
2025-03-09 19:00:00,U003,3197.324,2698.4239583333333,265.3728901119853,1.879996262829013,2266.2765,2606.3959999999997,340.1194999999998,True
2025-03-09 19:00:00,U004,1810.734,1422.4517916666666,190.77111604884186,2.0353301714391816,1082.42825,1363.5155,281.08725000000004,True
2025-03-10 06:00:00,U002,764.238,459.76758333333333,99.05690104480993,3.073692124983143,354.81875,750.6415,395.8227499999999,False
2025-03-10 07:00:00,U001,1190.033,580.7038333333334,140.22206919884817,4.345458387171424,502.18724999999995,1186.6887499999998,684.5014999999999,False
2025-03-10 07:00:00,U006,874.784,405.6684166666667,107.56120172010118,4.361382876272424,344.4175,806.924,462.50649999999996,False
2025-03-10 08:00:00,U001,1349.291,613.3402500000001,210.29777365962863,3.4995651032956325,502.18724999999995,1186.6887499999998,684.5014999999999,False
2025-03-10 08:00:00,U005,342.253,112.25725,49.64216085077988,4.633072897276725,95.906,300.6555,204.7495,False
2025-03-10 08:00:00,U006,923.681,427.30408333333327,150.82346711244918,3.2911119613540243,344.4175,806.924,462.50649999999996,False
2025-03-10 09:00:00,U005,346.88,122.67649999999999,68.80467658650711,3.2585503067965482,95.906,300.6555,204.7495,False
2025-03-10 20:00:00,U004,1796.398,1396.6852499999998,217.6435369042611,1.836547759172969,1082.42825,1363.5155,281.08725000000004,True
2025-03-12 19:00:00,U004,1803.742,1402.3390416666668,178.8460665647826,2.244404733318162,1082.42825,1363.5155,281.08725000000004,True
2025-03-13 21:00:00,U003,3120.951,2660.13175,196.32669294675978,2.34720629723522,2266.2765,2606.3959999999997,340.1194999999998,True
2025-03-14 18:00:00,U003,3206.239,2660.9215416666666,240.63318424883863,2.2661772940236746,2266.2765,2606.3959999999997,340.1194999999998,True
2025-03-14 19:00:00,U004,1864.733,1424.1227500000002,196.20260601652257,2.2456901003796816,1082.42825,1363.5155,281.08725000000004,True
2025-03-14 20:00:00,U003,3142.844,2663.5649166666667,249.0782594219869,1.9242108261297168,2266.2765,2606.3959999999997,340.1194999999998,True
2025-03-14 21:00:00,U003,3175.6369999999997,2665.8435000000004,253.6525102488903,2.009810584960413,2266.2765,2606.3959999999997,340.1194999999998,True
2025-03-16 20:00:00,U003,3264.696,2693.6948333333335,236.71778747765677,2.4121599511002607,2266.2765,2606.3959999999997,340.1194999999998,True
2025-03-17 06:00:00,U002,768.703,461.858625,94.28516394188912,3.254429033915852,354.81875,750.6415,395.8227499999999,False
2025-03-17 07:00:00,U001,1414.76,593.6830833333333,183.26133865648475,4.480360793422659,502.18724999999995,1186.6887499999998,684.5014999999999,False
2025-03-17 07:00:00,U006,887.715,405.12175,109.0017549624403,4.427389725663513,344.4175,806.924,462.50649999999996,False
2025-03-17 08:00:00,U005,335.422,113.879125,47.76999587999689,4.637699269569509,95.906,300.6555,204.7495,False
2025-03-17 08:00:00,U006,886.713,426.8533333333333,146.29783636596568,3.143311467138328,344.4175,806.924,462.50649999999996,False
2025-03-17 09:00:00,U005,357.26800000000003,124.88520833333332,68.6469990458295,3.385185002938371,95.906,300.6555,204.7495,False
2025-03-17 19:00:00,U003,3211.299,2689.831041666667,273.619306016265,1.9058156601798233,2266.2765,2606.3959999999997,340.1194999999998,True
2025-03-18 18:00:00,U003,3194.649,2643.2915416666665,290.4972322768637,1.8979783525367706,2266.2765,2606.3959999999997,340.1194999999998,True
2025-03-18 18:00:00,U004,1894.855,1390.2134583333334,209.49994427248149,2.408790815764207,1082.42825,1363.5155,281.08725000000004,True
2025-03-18 20:00:00,U003,3193.538,2640.0144166666664,285.5619663373008,1.9383659190787375,2266.2765,2606.3959999999997,340.1194999999998,True
2025-03-18 21:00:00,U003,3251.5679999999998,2652.8247916666664,305.964568346808,1.9569037407451162,2266.2765,2606.3959999999997,340.1194999999998,True
2025-03-19 19:00:00,U004,1959.961,1377.421916666667,218.98972841127878,2.6601205798989893,1082.42825,1363.5155,281.08725000000004,True
2025-03-21 19:00:00,U003,3149.716,2684.5485,211.1782486273213,2.2027244899682286,2266.2765,2606.3959999999997,340.1194999999998,True
2025-03-21 19:00:00,U004,1901.677,1383.2071666666668,199.6117936303353,2.5973907849027036,1082.42825,1363.5155,281.08725000000004,True
2025-03-22 18:00:00,U003,3145.344,2724.601375,210.92589688876456,1.9947414291280023,2266.2765,2606.3959999999997,340.1194999999998,True
2025-03-22 19:00:00,U004,1849.244,1455.6364166666665,190.58791313013035,2.065228465273055,1082.42825,1363.5155,281.08725000000004,True
2025-03-23 18:00:00,U003,3208.215,2725.800791666667,219.6268220255438,2.1965177289558273,2266.2765,2606.3959999999997,340.1194999999998,True
2025-03-23 19:00:00,U004,1796.46,1450.91975,190.97757240787547,1.80932371085973,1082.42825,1363.5155,281.08725000000004,True
2025-03-23 20:00:00,U003,3270.2219999999998,2736.61325,241.1844553517582,2.2124508365257296,2266.2765,2606.3959999999997,340.1194999999998,True
2025-03-24 07:00:00,U001,1251.143,593.1024166666666,153.39555888529605,4.289828128762148,502.18724999999995,1186.6887499999998,684.5014999999999,False
2025-03-24 07:00:00,U006,868.796,415.3785416666667,106.38132204724899,4.262190482385143,344.4175,806.924,462.50649999999996,False
2025-03-24 08:00:00,U001,1371.701,627.9297083333333,220.17990993680888,3.3780161499753873,502.18724999999995,1186.6887499999998,684.5014999999999,False
2025-03-24 08:00:00,U005,381.84,115.44212499999999,57.18681097132906,4.658379624168239,95.906,300.6555,204.7495,False
2025-03-25 19:00:00,U004,1787.453,1420.327875,198.13785892487184,1.8528772188822495,1082.42825,1363.5155,281.08725000000004,True
2025-03-25 21:00:00,U003,3207.4970000000003,2710.9037083333333,198.20644356271336,2.505434650561917,2266.2765,2606.3959999999997,340.1194999999998,True
2025-03-26 18:00:00,U003,3301.37,2727.777625,232.12435628564555,2.471056394849636,2266.2765,2606.3959999999997,340.1194999999998,True
2025-03-26 19:00:00,U003,3125.025,2740.7617499999997,245.45491432763166,1.5655145917636357,2266.2765,2606.3959999999997,340.1194999999998,True
2025-03-26 19:00:00,U004,1821.692,1454.5654166666666,189.69919715260136,1.9353091043290112,1082.42825,1363.5155,281.08725000000004,True
2025-03-27 16:00:00,U003,3129.2400000000002,2707.0539583333334,255.53759409041604,1.6521484565487696,2266.2765,2606.3959999999997,340.1194999999998,True
2025-03-28 18:00:00,U003,3160.1710000000003,2703.009875,227.21167331813203,2.0120494617365137,2266.2765,2606.3959999999997,340.1194999999998,True
2025-03-29 18:00:00,U003,3132.684,2699.7772916666668,221.0466130540088,1.9584408118823355,2266.2765,2606.3959999999997,340.1194999999998,True
2025-03-29 19:00:00,U003,3200.8450000000003,2709.134541666667,237.4077029633712,2.0711647187336535,2266.2765,2606.3959999999997,340.1194999999998,True
2025-03-29 19:00:00,U004,1821.072,1479.8457916666666,204.73865050436112,1.666642851717267,1082.42825,1363.5155,281.08725000000004,True
2025-03-29 20:00:00,U003,3396.338,2727.313583333333,271.6854544582114,2.4624962642951185,2266.2765,2606.3959999999997,340.1194999999998,True
2025-03-30 19:00:00,U003,3188.764,2704.615333333333,295.85244455591106,1.6364531562123736,2266.2765,2606.3959999999997,340.1194999999998,True
2025-03-31 07:00:00,U001,1326.53,593.1207083333334,168.10399720216742,4.36283077067254,502.18724999999995,1186.6887499999998,684.5014999999999,False
2025-03-31 07:00:00,U006,984.25,412.4555833333333,128.38102500824394,4.453885740746727,344.4175,806.924,462.50649999999996,False
2025-03-31 08:00:00,U001,1424.059,628.569875,238.64301593772564,3.333385315611266,502.18724999999995,1186.6887499999998,684.5014999999999,False
2025-03-31 08:00:00,U005,331.52,113.15658333333333,47.38514046748226,4.6082677926536295,95.906,300.6555,204.7495,False
2025-03-31 08:00:00,U006,959.741,435.36662499999994,170.16558527934666,3.0815536181371717,344.4175,806.924,462.50649999999996,False
2025-03-31 09:00:00,U005,361.649,124.25212499999999,69.1941316469457,3.430881627524246,95.906,300.6555,204.7495,False
2025-03-31 16:00:00,U003,3140.674,2747.7593333333334,234.19706513971505,1.6777096093508486,2266.2765,2606.3959999999997,340.1194999999998,True
2025-03-31 19:00:00,U004,1881.362,1471.2135416666667,206.63353824584988,1.9849074928259907,1082.42825,1363.5155,281.08725000000004,True
2025-03-31 21:00:00,U003,3350.084,2736.2435416666667,233.0747695602453,2.6336632639023905,2266.2765,2606.3959999999997,340.1194999999998,True
2025-04-01 16:00:00,U003,3157.782,2716.7651666666666,227.89556973843088,1.9351707180596556,2266.2765,2606.3959999999997,340.1194999999998,True
2025-04-01 19:00:00,U004,1964.077,1449.9350416666666,219.3174248945814,2.344282304885097,1082.42825,1363.5155,281.08725000000004,True
2025-04-02 21:00:00,U003,3252.546,2705.1902083333334,266.3153855154773,2.0552916633307166,2266.2765,2606.3959999999997,340.1194999999998,True
2025-04-03 17:00:00,U003,3251.061,2650.5075416666664,287.2004238598915,2.091060487523198,2266.2765,2606.3959999999997,340.1194999999998,True
2025-04-03 19:00:00,U003,3281.367,2653.3485416666667,297.7395252239877,2.109288170124134,2266.2765,2606.3959999999997,340.1194999999998,True
2025-04-03 19:00:00,U004,1890.0040000000001,1431.640666666667,219.27189147220366,2.090388012142625,1082.42825,1363.5155,281.08725000000004,True
2025-04-03 20:00:00,U003,3156.373,2667.3976666666663,313.4461185211417,1.5599980489161895,2266.2765,2606.3959999999997,340.1194999999998,True
2025-04-04 15:00:00,U003,3120.067,2673.422625,301.4524560347345,1.4816411877186224,2266.2765,2606.3959999999997,340.1194999999998,True
2025-04-04 17:00:00,U003,3153.825,2692.7883333333334,295.8237535945211,1.5584842699907016,2266.2765,2606.3959999999997,340.1194999999998,True
2025-04-04 19:00:00,U004,1809.4460000000001,1448.1968333333332,188.08034855687657,1.920717233025667,1082.42825,1363.5155,281.08725000000004,True
2025-04-04 20:00:00,U003,3177.096,2686.9962083333335,281.40338996412413,1.7416271770185459,2266.2765,2606.3959999999997,340.1194999999998,True
2025-04-05 14:00:00,U004,1791.09,1477.9432916666665,196.57003763953404,1.5930541200158654,1082.42825,1363.5155,281.08725000000004,True
2025-04-05 21:00:00,U003,3156.654,2728.1894583333337,219.72739335880954,1.949982362768005,2266.2765,2606.3959999999997,340.1194999999998,True
2025-04-06 18:00:00,U003,3122.577,2726.9417083333333,257.7227427222918,1.5351198248459677,2266.2765,2606.3959999999997,340.1194999999998,True
2025-04-06 21:00:00,U003,3134.173,2723.1044166666666,252.48837579974014,1.6280693399500108,2266.2765,2606.3959999999997,340.1194999999998,True
2025-04-07 06:00:00,U002,827.295,480.499875,110.04952567320171,3.151264150195683,354.81875,750.6415,395.8227499999999,False
2025-04-07 07:00:00,U001,1327.3129999999999,584.162875,170.3091302863609,4.363536609872023,502.18724999999995,1186.6887499999998,684.5014999999999,False
2025-04-07 07:00:00,U006,952.685,424.2225833333334,118.85636687338601,4.446227245273458,344.4175,806.924,462.50649999999996,False
2025-04-07 08:00:00,U005,346.89300000000003,115.35025,50.02652617166395,4.628399525593095,95.906,300.6555,204.7495,False
2025-04-07 08:00:00,U006,927.984,445.62720833333333,157.09288392899586,3.0705196798391348,344.4175,806.924,462.50649999999996,False
2025-04-07 09:00:00,U005,358.907,126.50979166666667,70.18699428760624,3.311114982086795,95.906,300.6555,204.7495,False
2025-04-07 19:00:00,U004,1820.74,1465.5037916666668,182.81722587422374,1.9431221901251903,1082.42825,1363.5155,281.08725000000004,True
2025-04-07 20:00:00,U003,3131.7870000000003,2699.95275,199.60971109277676,2.163392991432605,2266.2765,2606.3959999999997,340.1194999999998,True
2025-04-07 21:00:00,U003,3128.661,2699.7230833333333,199.090881336814,2.154482986797405,2266.2765,2606.3959999999997,340.1194999999998,True
2025-04-08 16:00:00,U003,3225.784,2708.4728333333333,237.36868904166892,2.1793572216926025,2266.2765,2606.3959999999997,340.1194999999998,True
2025-04-08 17:00:00,U003,3210.714,2721.132416666667,255.79733924507576,1.9139432207473903,2266.2765,2606.3959999999997,340.1194999999998,True
2025-04-08 19:00:00,U004,1842.848,1456.0659999999998,207.05865806808805,1.8679827427105842,1082.42825,1363.5155,281.08725000000004,True
2025-04-08 21:00:00,U003,3129.755,2722.8235416666666,250.1678260724634,1.6266338670403684,2266.2765,2606.3959999999997,340.1194999999998,True
2025-04-09 18:00:00,U003,3175.258,2695.5187083333335,245.04182412014265,1.9577853429276333,2266.2765,2606.3959999999997,340.1194999999998,True
2025-04-09 20:00:00,U003,3270.315,2713.62375,271.48934840523333,2.0505086231562406,2266.2765,2606.3959999999997,340.1194999999998,True
2025-04-10 18:00:00,U003,3139.9359999999997,2711.0194166666665,232.53058091223662,1.8445598925124518,2266.2765,2606.3959999999997,340.1194999999998,True
2025-04-10 19:00:00,U003,3527.3070000000002,2733.5094166666663,281.40482569993037,2.8208385601026684,2266.2765,2606.3959999999997,340.1194999999998,True
2025-04-10 19:00:00,U004,1789.519,1451.8219166666668,177.33543286245813,1.9042843152234108,1082.42825,1363.5155,281.08725000000004,True
2025-04-10 21:00:00,U003,3138.879,2728.5272916666668,272.139158372978,1.5078745403148823,2266.2765,2606.3959999999997,340.1194999999998,True
2025-04-11 00:00:00,U004,1802.367,1472.9314583333335,196.67953592582816,1.674986368642355,1082.42825,1363.5155,281.08725000000004,True
2025-04-11 19:00:00,U003,3257.395,2775.583666666667,258.8982962685373,1.8610061953964483,2266.2765,2606.3959999999997,340.1194999999998,True
2025-04-11 19:00:00,U004,2022.694,1467.4794999999997,231.69674586745097,2.3962982212863158,1082.42825,1363.5155,281.08725000000004,True
2025-04-11 21:00:00,U003,3197.205,2775.2419166666664,260.46881276065847,1.6200138468057983,2266.2765,2606.3959999999997,340.1194999999998,True
2025-04-12 16:00:00,U003,3119.656,2729.9448333333335,287.94142443131426,1.353439045584872,2266.2765,2606.3959999999997,340.1194999999998,True
2025-04-12 16:00:00,U004,1790.931,1482.4405,239.06418039968858,1.2904087073364086,1082.42825,1363.5155,281.08725000000004,True
2025-04-12 19:00:00,U003,3317.433,2734.3289999999997,294.6720920615168,1.9788232944647821,2266.2765,2606.3959999999997,340.1194999999998,True
2025-04-12 19:00:00,U004,1821.5,1480.692,227.02163084011463,1.501213777466087,1082.42825,1363.5155,281.08725000000004,True
2025-04-12 21:00:00,U004,1840.8359999999998,1485.0901666666668,232.95278592969592,1.527115599470424,1082.42825,1363.5155,281.08725000000004,True
2025-04-13 20:00:00,U003,3155.297,2745.2425416666665,188.5346576050597,2.174955329392599,2266.2765,2606.3959999999997,340.1194999999998,True
2025-04-13 21:00:00,U004,1795.038,1464.42975,180.6527512991034,1.8300759198104772,1082.42825,1363.5155,281.08725000000004,True
2025-04-14 06:00:00,U002,787.833,477.61262500000004,100.92722148369324,3.0737037088663146,354.81875,750.6415,395.8227499999999,False
2025-04-14 07:00:00,U001,1438.2559999999999,603.6380833333333,188.5647892981025,4.426159940959164,502.18724999999995,1186.6887499999998,684.5014999999999,False
2025-04-14 07:00:00,U006,912.889,414.5642083333333,111.11978393489134,4.484573079791545,344.4175,806.924,462.50649999999996,False
2025-04-14 08:00:00,U001,1404.397,639.28275,248.95712407181722,3.0732771871966427,502.18724999999995,1186.6887499999998,684.5014999999999,False
2025-04-14 08:00:00,U005,338.991,114.011125,49.07832762229077,4.584098234386799,95.906,300.6555,204.7495,False
2025-04-14 09:00:00,U005,352.767,124.52008333333333,69.02185994175093,3.3068786737895683,95.906,300.6555,204.7495,False
2025-04-14 17:00:00,U003,3130.683,2745.83475,229.8290826004757,1.6744976120755026,2266.2765,2606.3959999999997,340.1194999999998,True
2025-04-14 19:00:00,U004,1837.665,1456.624458333333,197.07123731633297,1.9335167671121478,1082.42825,1363.5155,281.08725000000004,True
2025-04-14 20:00:00,U003,3213.026,2749.4066249999996,235.82907904497077,1.9659126723366953,2266.2765,2606.3959999999997,340.1194999999998,True
2025-04-15 18:00:00,U003,3136.6400000000003,2739.9449583333335,238.32809844823734,1.6644912800864113,2266.2765,2606.3959999999997,340.1194999999998,True
2025-04-15 19:00:00,U003,3241.045,2748.7868750000002,252.99696461562692,1.9457076322946303,2266.2765,2606.3959999999997,340.1194999999998,True
2025-04-15 19:00:00,U004,1913.725,1464.1882500000002,202.89166575941792,2.2156491658609836,1082.42825,1363.5155,281.08725000000004,True
2025-04-16 17:00:00,U003,3141.883,2733.860458333333,244.35043481922443,1.6698253144854451,2266.2765,2606.3959999999997,340.1194999999998,True
2025-04-16 20:00:00,U003,3199.891,2734.5693750000005,239.91674633918683,1.9395129022887896,2266.2765,2606.3959999999997,340.1194999999998,True
2025-04-16 20:00:00,U004,1863.542,1453.2863333333335,205.2726432086969,1.998589097182166,1082.42825,1363.5155,281.08725000000004,True
2025-04-17 19:00:00,U004,1786.37,1461.1624583333332,187.1440303460762,1.7377393287153027,1082.42825,1363.5155,281.08725000000004,True
2025-04-17 21:00:00,U004,1863.351,1457.8027083333334,184.8248275477152,2.1942305968713463,1082.42825,1363.5155,281.08725000000004,True
2025-04-18 19:00:00,U003,3122.869,2721.6480833333335,214.26656669690183,1.8725315986148579,2266.2765,2606.3959999999997,340.1194999999998,True
2025-04-19 21:00:00,U003,3371.847,2745.242,235.96453258192562,2.6555050165534775,2266.2765,2606.3959999999997,340.1194999999998,True
2025-04-19 21:00:00,U004,1822.705,1499.645416666667,205.06899238420255,1.5753702184680936,1082.42825,1363.5155,281.08725000000004,True
2025-04-20 15:00:00,U003,3140.314,2723.7468750000003,257.47213662322713,1.617911477580911,2266.2765,2606.3959999999997,340.1194999999998,True
2025-04-20 17:00:00,U004,1785.735,1489.4371250000002,188.08710567882355,1.5753226353855234,1082.42825,1363.5155,281.08725000000004,True
2025-04-20 19:00:00,U003,3118.093,2746.806666666667,273.2676232053786,1.3586912674769631,2266.2765,2606.3959999999997,340.1194999999998,True
2025-04-20 21:00:00,U003,3276.924,2751.2805000000003,271.54752084367425,1.9357330104390995,2266.2765,2606.3959999999997,340.1194999999998,True
2025-04-21 07:00:00,U001,1412.224,603.166875,181.4610496498566,4.458571834347588,502.18724999999995,1186.6887499999998,684.5014999999999,False
2025-04-21 07:00:00,U006,894.723,421.62904166666664,112.06140118294518,4.221738737328356,344.4175,806.924,462.50649999999996,False
2025-04-21 08:00:00,U001,1353.975,635.084,237.41171656556727,3.0280350540385395,502.18724999999995,1186.6887499999998,684.5014999999999,False
2025-04-21 08:00:00,U005,349.262,116.62683333333335,50.15532721427322,4.638294266784551,95.906,300.6555,204.7495,False
2025-04-21 08:00:00,U006,932.7090000000001,444.33925,152.7287222582259,3.197628728761899,344.4175,806.924,462.50649999999996,False
2025-04-21 09:00:00,U005,346.064,127.18491666666667,68.28646059697444,3.2053071929610484,95.906,300.6555,204.7495,False
2025-04-21 17:00:00,U003,3280.314,2752.356916666666,291.9944115717303,1.8081068075634645,2266.2765,2606.3959999999997,340.1194999999998,True
2025-04-21 19:00:00,U004,1845.2359999999999,1429.8689166666666,184.04388380159838,2.2568915345271905,1082.42825,1363.5155,281.08725000000004,True
2025-04-21 20:00:00,U003,3347.438,2753.8119583333337,305.5419329041794,1.942862755446509,2266.2765,2606.3959999999997,340.1194999999998,True
2025-04-21 21:00:00,U003,3130.304,2747.7027916666666,295.9428115164431,1.2928214284808721,2266.2765,2606.3959999999997,340.1194999999998,True
2025-04-22 19:00:00,U004,1832.336,1462.254541666667,203.91613170401598,1.814870923848761,1082.42825,1363.5155,281.08725000000004,True
2025-04-23 15:00:00,U003,3186.149,2767.2398749999998,233.01262067317634,1.7977958609699616,2266.2765,2606.3959999999997,340.1194999999998,True
2025-04-23 21:00:00,U003,3145.013,2777.5956666666666,242.41618235545843,1.515646891900079,2266.2765,2606.3959999999997,340.1194999999998,True
2025-04-24 21:00:00,U004,1854.862,1485.6736666666668,210.89494448713768,1.7505793428625778,1082.42825,1363.5155,281.08725000000004,True
2025-04-25 19:00:00,U004,1890.222,1466.4454999999998,222.54441604161926,1.904233355020453,1082.42825,1363.5155,281.08725000000004,True
2025-04-25 21:00:00,U003,3119.354,2734.9721666666665,227.777653718183,1.687530919116887,2266.2765,2606.3959999999997,340.1194999999998,True
2025-04-26 16:00:00,U003,3232.768,2746.7479166666667,228.9829719926778,2.1225162688030568,2266.2765,2606.3959999999997,340.1194999999998,True
2025-04-26 16:00:00,U004,1850.446,1485.1364583333334,199.60810278076963,1.8301338301275647,1082.42825,1363.5155,281.08725000000004,True
2025-04-26 17:00:00,U003,3156.482,2749.5850416666667,233.77176472650407,1.7405735838516385,2266.2765,2606.3959999999997,340.1194999999998,True
2025-04-26 17:00:00,U004,1788.172,1493.4818750000002,208.09701622065896,1.4161189350620988,1082.42825,1363.5155,281.08725000000004,True
2025-04-27 16:00:00,U004,1824.981,1501.7887916666666,204.28513997223945,1.5820642087684516,1082.42825,1363.5155,281.08725000000004,True
2025-04-27 18:00:00,U004,1948.582,1516.9460416666664,220.73125932139268,1.9554817911171167,1082.42825,1363.5155,281.08725000000004,True
2025-04-27 19:00:00,U003,3291.214,2726.7651666666666,233.42350563423997,2.418131934912285,2266.2765,2606.3959999999997,340.1194999999998,True
2025-04-27 20:00:00,U003,3198.236,2736.421083333333,248.10301246894383,1.8613837537521805,2266.2765,2606.3959999999997,340.1194999999998,True
2025-04-27 20:00:00,U004,1868.195,1518.5125833333332,224.1834893538401,1.5598045051156528,1082.42825,1363.5155,281.08725000000004,True
2025-04-27 21:00:00,U003,3287.551,2753.4150000000004,271.2333000406744,1.9692862193539655,2266.2765,2606.3959999999997,340.1194999999998,True
2025-04-28 06:00:00,U002,790.562,477.4988333333333,96.9666090029771,3.228566718849114,354.81875,750.6415,395.8227499999999,False
2025-04-28 07:00:00,U001,1399.855,602.1081666666668,179.5641738491972,4.442683728232462,502.18724999999995,1186.6887499999998,684.5014999999999,False
2025-04-28 07:00:00,U006,1055.5,426.32987499999996,140.24218329276798,4.486311537852714,344.4175,806.924,462.50649999999996,False
2025-04-28 08:00:00,U001,1464.215,637.697,251.4620518448059,3.286849820624623,502.18724999999995,1186.6887499999998,684.5014999999999,False
2025-04-28 08:00:00,U005,354.20599999999996,115.28366666666666,51.35579909904284,4.6522951161281085,95.906,300.6555,204.7495,False
2025-04-28 09:00:00,U005,385.939,127.33675,75.20454062682072,3.4386520793103936,95.906,300.6555,204.7495,False
2025-04-28 13:00:00,U003,3199.2380000000003,2778.3905,296.46862488956697,1.4195346983403854,2266.2765,2606.3959999999997,340.1194999999998,True
2025-04-28 16:00:00,U003,3244.621,2786.46175,306.8534343087312,1.493088226410519,2266.2765,2606.3959999999997,340.1194999999998,True
2025-04-28 19:00:00,U003,3284.817,2793.2765416666666,309.83533552110225,1.5864570692255842,2266.2765,2606.3959999999997,340.1194999999998,True
2025-04-28 20:00:00,U003,3320.59,2798.374625,317.6952366327069,1.643762054902141,2266.2765,2606.3959999999997,340.1194999999998,True
2025-04-28 21:00:00,U003,3400.419,2803.077458333333,325.978737766071,1.8324555330210868,2266.2765,2606.3959999999997,340.1194999999998,True
2025-04-29 15:00:00,U003,3118.549,2827.4619583333333,291.49153127357374,0.9986123452536003,2266.2765,2606.3959999999997,340.1194999999998,True
2025-04-29 19:00:00,U004,1827.2359999999999,1423.8707083333331,195.9441601567164,2.0585726634774653,1082.42825,1363.5155,281.08725000000004,True
2025-04-29 20:00:00,U003,3370.804,2793.5464166666666,266.0079550366362,2.1700763920907185,2266.2765,2606.3959999999997,340.1194999999998,True
2025-04-30 18:00:00,U003,3159.433,2703.730708333333,240.33798057580864,1.8960893761979787,2266.2765,2606.3959999999997,340.1194999999998,True
2025-04-30 19:00:00,U003,3369.7729999999997,2730.814375,276.1761070674627,2.3135912508315526,2266.2765,2606.3959999999997,340.1194999999998,True
2025-04-30 21:00:00,U004,1923.8249999999998,1431.4432083333331,201.5753715511873,2.442668406748456,1082.42825,1363.5155,281.08725000000004,True
2025-05-01 14:00:00,U003,3256.126,2769.693041666667,298.19718987864036,1.6312459501422556,2266.2765,2606.3959999999997,340.1194999999998,True
2025-05-01 19:00:00,U003,3161.844,2765.079708333333,275.0167381754216,1.4426914314342119,2266.2765,2606.3959999999997,340.1194999999998,True
2025-05-01 21:00:00,U003,3164.508,2768.5827083333334,279.6562194167589,1.4157571481599593,2266.2765,2606.3959999999997,340.1194999999998,True
2025-05-02 16:00:00,U003,3216.914,2737.9284583333333,251.29453694626955,1.906072242903876,2266.2765,2606.3959999999997,340.1194999999998,True
2025-05-02 17:00:00,U004,1813.0430000000001,1455.8532083333332,173.77459191197408,2.0554776606674596,1082.42825,1363.5155,281.08725000000004,True
2025-05-02 18:00:00,U003,3236.08,2748.8151249999996,265.58224874338003,1.83470422931324,2266.2765,2606.3959999999997,340.1194999999998,True
2025-05-02 19:00:00,U003,3356.856,2756.9406249999997,281.2871574353667,2.132750675394227,2266.2765,2606.3959999999997,340.1194999999998,True
2025-05-02 19:00:00,U004,1809.162,1469.9402083333332,193.34791093439523,1.7544631851841832,1082.42825,1363.5155,281.08725000000004,True
2025-05-03 16:00:00,U004,1806.048,1479.7289583333334,213.7762107888996,1.526451612471049,1082.42825,1363.5155,281.08725000000004,True
2025-05-04 18:00:00,U003,3157.2929999999997,2685.5098333333335,250.02977070074212,1.8869079683768468,2266.2765,2606.3959999999997,340.1194999999998,True
2025-05-04 20:00:00,U004,1866.285,1461.8402916666666,202.75742501420385,1.9947220591551738,1082.42825,1363.5155,281.08725000000004,True
2025-05-05 07:00:00,U001,1382.72,604.213,174.50697774039512,4.46117977676597,502.18724999999995,1186.6887499999998,684.5014999999999,False
2025-05-05 07:00:00,U006,869.548,414.4137083333333,105.21763720662689,4.325646381631549,344.4175,806.924,462.50649999999996,False
2025-05-05 08:00:00,U001,1444.378,639.4737083333333,244.63035601663213,3.2902878644052747,502.18724999999995,1186.6887499999998,684.5014999999999,False
2025-05-05 08:00:00,U005,337.966,115.3095,48.108434007930704,4.6282217368225895,95.906,300.6555,204.7495,False
2025-05-05 08:00:00,U006,943.113,436.8578333333333,150.6451766086411,3.3605799937548593,344.4175,806.924,462.50649999999996,False
2025-05-05 09:00:00,U005,346.038,125.67870833333332,67.10085022559687,3.2840014832272058,95.906,300.6555,204.7495,False
2025-05-05 15:00:00,U003,3203.808,2688.9599999999996,258.1098153378482,1.9946858639455434,2266.2765,2606.3959999999997,340.1194999999998,True
2025-05-05 19:00:00,U003,3187.034,2680.2171249999997,253.3148776197412,2.0007386844478945,2266.2765,2606.3959999999997,340.1194999999998,True
2025-05-05 20:00:00,U003,3184.11,2695.648875,272.3677203664033,1.7933884541930916,2266.2765,2606.3959999999997,340.1194999999998,True
2025-05-05 22:00:00,U004,1831.614,1424.2994166666667,193.4658357045591,2.1053566478545687,1082.42825,1363.5155,281.08725000000004,True
2025-05-06 17:00:00,U004,1786.012,1442.2629166666666,195.35235764703413,1.7596362156755994,1082.42825,1363.5155,281.08725000000004,True
2025-05-06 20:00:00,U003,3135.127,2692.6410416666668,231.92453755037135,1.9078876388283423,2266.2765,2606.3959999999997,340.1194999999998,True
2025-05-06 21:00:00,U003,3117.688,2702.137125,244.66329486802502,1.69846022560987,2266.2765,2606.3959999999997,340.1194999999998,True
2025-05-07 19:00:00,U003,3468.4120000000003,2758.7055,263.0198961721962,2.6982996736313947,2266.2765,2606.3959999999997,340.1194999999998,True
2025-05-07 19:00:00,U004,1798.741,1433.4223333333332,200.62874968863338,1.8208689793144035,1082.42825,1363.5155,281.08725000000004,True
2025-05-08 15:00:00,U003,3126.2529999999997,2768.165125,280.98451327048474,1.274404310871371,2266.2765,2606.3959999999997,340.1194999999998,True
2025-05-08 17:00:00,U003,3132.2520000000004,2776.000041666666,288.75600694590565,1.233747349886553,2266.2765,2606.3959999999997,340.1194999999998,True
2025-05-08 19:00:00,U004,1804.393,1442.8128749999998,209.3812956716973,1.7268979248602292,1082.42825,1363.5155,281.08725000000004,True
2025-05-08 21:00:00,U003,3160.948,2759.983791666667,267.4005554545232,1.4994890629594253,2266.2765,2606.3959999999997,340.1194999999998,True
2025-05-08 21:00:00,U004,1792.817,1441.2149166666666,209.66022625666005,1.677008985494999,1082.42825,1363.5155,281.08725000000004,True
2025-05-09 20:00:00,U003,3441.752,2740.844833333333,264.0084978366591,2.6548659320061545,2266.2765,2606.3959999999997,340.1194999999998,True
2025-05-09 21:00:00,U003,3237.86,2744.0494999999996,269.7343401039299,1.8307290788771389,2266.2765,2606.3959999999997,340.1194999999998,True
2025-05-10 16:00:00,U004,1883.1979999999999,1466.1689583333334,184.9462286577869,2.2548664262752354,1082.42825,1363.5155,281.08725000000004,True
2025-05-10 17:00:00,U003,3183.714,2707.121666666667,286.23168015204953,1.6650579456479513,2266.2765,2606.3959999999997,340.1194999999998,True
2025-05-10 19:00:00,U004,1860.9070000000002,1467.9769999999999,189.67119023904692,2.0716377616694537,1082.42825,1363.5155,281.08725000000004,True
2025-05-10 21:00:00,U003,3181.125,2670.2713333333336,223.48160251868106,2.2858868958753042,2266.2765,2606.3959999999997,340.1194999999998,True
2025-05-11 19:00:00,U004,1852.571,1500.4668333333332,207.33768578371357,1.6982159578744784,1082.42825,1363.5155,281.08725000000004,True
2025-05-11 20:00:00,U003,3125.9170000000004,2677.958166666667,240.25414304289149,1.864520743158887,2266.2765,2606.3959999999997,340.1194999999998,True
2025-05-12 06:00:00,U002,783.38,460.31975000000006,99.17301860286037,3.2575417643956053,354.81875,750.6415,395.8227499999999,False
2025-05-12 07:00:00,U001,1353.271,593.7902083333333,170.44496384615866,4.455871118328634,502.18724999999995,1186.6887499999998,684.5014999999999,False
2025-05-12 07:00:00,U006,1068.259,428.26441666666665,141.72623310634398,4.5157101074796415,344.4175,806.924,462.50649999999996,False
2025-05-12 08:00:00,U001,1446.757,629.0539583333333,243.68972630544548,3.3555088844481764,502.18724999999995,1186.6887499999998,684.5014999999999,False
2025-05-12 08:00:00,U005,386.922,116.16220833333334,58.231390049023126,4.649722279319157,95.906,300.6555,204.7495,False
2025-05-12 17:00:00,U003,3202.703,2700.7480833333334,253.06253517914453,1.983521252212737,2266.2765,2606.3959999999997,340.1194999999998,True
2025-05-12 18:00:00,U003,3329.3559999999998,2721.5310000000004,282.90909469174517,2.1484816550782124,2266.2765,2606.3959999999997,340.1194999999998,True
2025-05-12 19:00:00,U004,1871.299,1464.1648333333333,183.93417954273488,2.213477493301206,1082.42825,1363.5155,281.08725000000004,True
2025-05-13 19:00:00,U003,3127.059,2657.9035833333332,261.08931656425887,1.7969154113251478,2266.2765,2606.3959999999997,340.1194999999998,True
2025-05-13 21:00:00,U003,3334.84,2683.839625,296.8547724983145,2.192992787419971,2266.2765,2606.3959999999997,340.1194999999998,True
2025-05-14 18:00:00,U004,1851.3890000000001,1429.5611666666666,184.26310014656855,2.289269164568482,1082.42825,1363.5155,281.08725000000004,True
2025-05-14 19:00:00,U003,3237.6090000000004,2752.98425,218.1823295800481,2.2211915645634273,2266.2765,2606.3959999999997,340.1194999999998,True
2025-05-14 21:00:00,U003,3118.612,2741.0200833333333,193.32432497206435,1.9531526450239998,2266.2765,2606.3959999999997,340.1194999999998,True
2025-05-14 23:00:00,U004,1809.665,1435.1300416666666,190.89860688504652,1.961957525226296,1082.42825,1363.5155,281.08725000000004,True
2025-05-15 21:00:00,U003,3155.406,2670.1467916666666,235.1141388798523,2.0639303558911437,2266.2765,2606.3959999999997,340.1194999999998,True
2025-05-15 22:00:00,U004,1868.0610000000001,1434.249375,211.832496292795,2.0478993194716706,1082.42825,1363.5155,281.08725000000004,True
2025-05-16 16:00:00,U003,3124.208,2688.4968750000003,268.05869778810035,1.6254317751868967,2266.2765,2606.3959999999997,340.1194999999998,True
2025-05-16 17:00:00,U003,3172.8109999999997,2697.0918749999996,280.38482297717013,1.6966650332522981,2266.2765,2606.3959999999997,340.1194999999998,True
2025-05-16 18:00:00,U004,1855.652,1440.6022916666668,238.2693553407101,1.7419349111841866,1082.42825,1363.5155,281.08725000000004,True
2025-05-18 15:00:00,U004,1790.318,1456.2880416666667,236.28586276142798,1.4136688265205064,1082.42825,1363.5155,281.08725000000004,True
2025-05-18 21:00:00,U004,1786.162,1468.94275,247.98969504804606,1.2791630311031326,1082.42825,1363.5155,281.08725000000004,True
2025-05-19 07:00:00,U001,1457.527,610.254875,189.35220158036003,4.474582909142582,502.18724999999995,1186.6887499999998,684.5014999999999,False
2025-05-19 07:00:00,U006,951.432,416.59570833333333,122.83200380529335,4.354209612296648,344.4175,806.924,462.50649999999996,False
2025-05-19 08:00:00,U001,1393.25,643.53875,247.67540663225842,3.026991093682347,502.18724999999995,1186.6887499999998,684.5014999999999,False
2025-05-19 08:00:00,U005,342.136,113.06099999999999,49.33464595736872,4.64328861704915,95.906,300.6555,204.7495,False
2025-05-19 08:00:00,U006,994.676,440.5585833333333,170.34541080759854,3.2529048715760847,344.4175,806.924,462.50649999999996,False
2025-05-19 09:00:00,U005,348.583,123.32591666666667,68.7794891562976,3.2750618839498653,95.906,300.6555,204.7495,False
2025-05-19 16:00:00,U003,3120.996,2679.1219166666665,240.12883202562662,1.8401542189076932,2266.2765,2606.3959999999997,340.1194999999998,True
2025-05-19 19:00:00,U003,3169.776,2664.936958333333,233.10145373345333,2.165748147774057,2266.2765,2606.3959999999997,340.1194999999998,True
2025-05-20 20:00:00,U003,3198.938,2643.500125,247.32366460049363,2.2457934864308635,2266.2765,2606.3959999999997,340.1194999999998,True
2025-05-21 19:00:00,U004,1863.914,1423.2650833333335,219.3534448541557,2.008853414450119,1082.42825,1363.5155,281.08725000000004,True
2025-05-22 19:00:00,U004,1828.751,1410.1330833333334,212.0371592919563,1.974266765620393,1082.42825,1363.5155,281.08725000000004,True
2025-05-22 20:00:00,U003,3199.403,2697.404916666667,249.09806801301676,2.015262853452162,2266.2765,2606.3959999999997,340.1194999999998,True
2025-05-24 14:00:00,U004,1829.395,1457.296875,194.81078955730715,1.9100488522507657,1082.42825,1363.5155,281.08725000000004,True
2025-05-24 19:00:00,U003,3137.347,2645.8811666666666,198.31401532432588,2.478220374538747,2266.2765,2606.3959999999997,340.1194999999998,True
2025-05-25 15:00:00,U003,3181.28,2683.7189999999996,225.80531283578853,2.2034955411427357,2266.2765,2606.3959999999997,340.1194999999998,True
2025-05-26 06:00:00,U002,826.491,469.46491666666674,115.31000100255433,3.0962282562587475,354.81875,750.6415,395.8227499999999,False
2025-05-26 07:00:00,U001,1373.4830000000002,601.2161666666667,175.32054534620022,4.404884959765333,502.18724999999995,1186.6887499999998,684.5014999999999,False
2025-05-26 07:00:00,U006,813.972,410.3605,98.66697472944426,4.09064432254812,344.4175,806.924,462.50649999999996,False
2025-05-26 08:00:00,U005,346.123,113.433625,50.103979085072545,4.6441296529545495,95.906,300.6555,204.7495,False
2025-05-26 08:00:00,U006,909.104,431.37379166666665,141.73237856945258,3.3706497636969597,344.4175,806.924,462.50649999999996,False
2025-05-26 18:00:00,U004,1894.388,1411.8280000000002,198.8434237912948,2.4268340928714474,1082.42825,1363.5155,281.08725000000004,True
2025-05-26 20:00:00,U003,3209.335,2676.34175,245.79198852480326,2.168472834281231,2266.2765,2606.3959999999997,340.1194999999998,True
2025-05-26 20:00:00,U004,1817.6970000000001,1425.8699166666665,218.05931441257164,1.79688303794256,1082.42825,1363.5155,281.08725000000004,True
2025-05-29 19:00:00,U003,3129.841,2642.2447500000003,212.59368034540313,2.293559475558243,2266.2765,2606.3959999999997,340.1194999999998,True
2025-05-31 21:00:00,U003,3191.632,2634.8425416666664,236.89133470194082,2.350400275442291,2266.2765,2606.3959999999997,340.1194999999998,True
2025-06-01 19:00:00,U003,3120.037,2651.71625,244.9113072508596,1.9122055051558102,2266.2765,2606.3959999999997,340.1194999999998,True
2025-06-01 20:00:00,U003,3118.115,2665.6627083333333,261.69138053215084,1.728953742177531,2266.2765,2606.3959999999997,340.1194999999998,True
2025-06-02 06:00:00,U002,766.625,453.2786250000001,103.24027647394816,3.0351175500684593,354.81875,750.6415,395.8227499999999,False
2025-06-02 07:00:00,U001,1220.236,581.97475,144.88698503952972,4.405235224032459,502.18724999999995,1186.6887499999998,684.5014999999999,False
2025-06-02 07:00:00,U006,847.312,403.9595833333333,102.60718047672748,4.320871254884782,344.4175,806.924,462.50649999999996,False
2025-06-02 08:00:00,U001,1266.17,610.21875,201.2741017862089,3.25899479455506,502.18724999999995,1186.6887499999998,684.5014999999999,False
2025-06-02 08:00:00,U005,339.616,112.917625,48.73109146147797,4.652027446978189,95.906,300.6555,204.7495,False
2025-06-02 08:00:00,U006,952.358,425.59549999999996,151.91624600846353,3.467453375399055,344.4175,806.924,462.50649999999996,False
2025-06-02 09:00:00,U005,328.71400000000006,122.89020833333332,65.35700098620663,3.1492233205453406,95.906,300.6555,204.7495,False
2025-06-02 21:00:00,U003,3157.16,2628.4865416666667,266.47788550042924,1.9839299510370876,2266.2765,2606.3959999999997,340.1194999999998,True
2025-06-03 19:00:00,U004,1793.237,1355.8919166666667,187.71509483857304,2.3298343892345548,1082.42825,1363.5155,281.08725000000004,True
2025-06-05 19:00:00,U004,1853.558,1383.9956666666667,194.6751122260699,2.4120306286920012,1082.42825,1363.5155,281.08725000000004,True
2025-06-05 20:00:00,U004,1800.896,1392.06275,207.89301505869963,1.9665559705532376,1082.42825,1363.5155,281.08725000000004,True
2025-06-06 19:00:00,U003,3132.833,2680.6987916666667,292.1544736707326,1.5475861199472956,2266.2765,2606.3959999999997,340.1194999999998,True
2025-06-07 19:00:00,U003,3191.374,2630.784833333333,250.69797587564227,2.2361136531263606,2266.2765,2606.3959999999997,340.1194999999998,True
2025-06-09 06:00:00,U002,762.459,448.4744166666667,101.5074763650026,3.0932163282663168,354.81875,750.6415,395.8227499999999,False
2025-06-09 07:00:00,U001,1204.458,567.2319166666667,148.01220340049352,4.305226654920594,502.18724999999995,1186.6887499999998,684.5014999999999,False
2025-06-09 07:00:00,U006,795.2149999999999,394.087875,94.42188677480506,4.248243057848259,344.4175,806.924,462.50649999999996,False
2025-06-09 08:00:00,U001,1382.315,601.5512916666667,222.62214035064176,3.5071251543246724,502.18724999999995,1186.6887499999998,684.5014999999999,False
2025-06-09 08:00:00,U005,362.137,112.87079166666668,53.644741492750235,4.646610299483318,95.906,300.6555,204.7495,False
2025-06-09 08:00:00,U006,860.236,412.456875,134.10129706901557,3.3391110659395733,344.4175,806.924,462.50649999999996,False
2025-06-09 09:00:00,U005,361.172,124.05666666666666,73.55345359944394,3.2237144787872465,95.906,300.6555,204.7495,False
2025-06-09 21:00:00,U003,3199.53,2605.323125,246.44057524637833,2.4111568251532587,2266.2765,2606.3959999999997,340.1194999999998,True
2025-06-14 20:00:00,U003,3172.539,2589.7940416666665,235.96757935092904,2.469597560547418,2266.2765,2606.3959999999997,340.1194999999998,True
2025-06-15 18:00:00,U003,3128.991,2600.393916666667,260.1274600378273,2.032069521827743,2266.2765,2606.3959999999997,340.1194999999998,True
2025-06-16 06:00:00,U002,765.578,446.215,105.50973153179652,3.0268582372779185,354.81875,750.6415,395.8227499999999,False
2025-06-16 07:00:00,U001,1335.616,576.2140416666667,171.00368848970172,4.440851335081386,502.18724999999995,1186.6887499999998,684.5014999999999,False
2025-06-16 07:00:00,U006,878.9029999999999,398.7519166666666,108.74986848924178,4.41518771474039,344.4175,806.924,462.50649999999996,False
2025-06-16 08:00:00,U001,1354.522,608.7177499999999,233.40358167015034,3.195341925189402,502.18724999999995,1186.6887499999998,684.5014999999999,False
2025-06-16 08:00:00,U005,324.33799999999997,109.37395833333333,46.19712535050299,4.653190864923072,95.906,300.6555,204.7495,False
2025-06-16 08:00:00,U006,900.748,420.6875,149.18096422801352,3.217974240106522,344.4175,806.924,462.50649999999996,False
2025-06-16 09:00:00,U005,326.334,119.14333333333333,63.779740067001235,3.2485341967372534,95.906,300.6555,204.7495,False
2025-06-17 21:00:00,U003,3120.457,2541.70475,228.93120713764708,2.5280618454609365,2266.2765,2606.3959999999997,340.1194999999998,True
2025-06-19 19:00:00,U004,1814.759,1317.1933333333334,183.04304415027016,2.7182986874835158,1082.42825,1363.5155,281.08725000000004,True
2025-06-20 19:00:00,U004,1822.719,1334.5000416666667,191.22358133722358,2.553131548521504,1082.42825,1363.5155,281.08725000000004,True
2025-06-23 06:00:00,U002,823.917,438.41337500000003,107.69789760040604,3.5794907197756345,354.81875,750.6415,395.8227499999999,False
2025-06-23 07:00:00,U001,1214.9859999999999,559.0432083333333,149.8765675553384,4.376553335627166,502.18724999999995,1186.6887499999998,684.5014999999999,False
2025-06-23 07:00:00,U006,905.722,391.0295833333333,115.27465133471529,4.464922779702789,344.4175,806.924,462.50649999999996,False
2025-06-23 08:00:00,U001,1260.87,588.89025,207.21957441684418,3.242839156923666,502.18724999999995,1186.6887499999998,684.5014999999999,False
2025-06-23 08:00:00,U005,350.538,109.00804166666667,51.91914704403862,4.652040183334752,95.906,300.6555,204.7495,False
2025-06-23 08:00:00,U006,880.023,412.55145833333336,152.21118445821168,3.071203626268391,344.4175,806.924,462.50649999999996,False
2025-06-23 09:00:00,U005,340.589,119.198875,70.08288299566046,3.158975709000278,95.906,300.6555,204.7495,False
2025-06-30 07:00:00,U001,1185.432,562.1490833333334,141.87115510879514,4.39330261453568,502.18724999999995,1186.6887499999998,684.5014999999999,False
2025-06-30 07:00:00,U006,780.544,382.721125,91.616192908148,4.342276865824875,344.4175,806.924,462.50649999999996,False
2025-06-30 08:00:00,U001,1355.673,595.2625416666667,215.31508848438818,3.5316171462292494,502.18724999999995,1186.6887499999998,684.5014999999999,False
2025-06-30 08:00:00,U005,309.486,106.32179166666667,43.6254299781738,4.657013316200625,95.906,300.6555,204.7495,False
2025-06-30 08:00:00,U006,917.267,405.3703333333333,142.40131535624158,3.594746757683161,344.4175,806.924,462.50649999999996,False
2025-06-30 09:00:00,U005,339.25100000000003,116.384125,64.44603747478088,3.4581936102310813,95.906,300.6555,204.7495,False
2025-07-07 06:00:00,U002,736.2900000000001,416.3616666666667,92.98669914780776,3.440581677437423,354.81875,750.6415,395.8227499999999,False
2025-07-07 07:00:00,U001,1324.997,549.3000833333333,173.87786673832244,4.461159612879609,502.18724999999995,1186.6887499999998,684.5014999999999,False
2025-07-07 07:00:00,U006,926.4960000000001,381.15674999999993,121.4686336092205,4.489547908758269,344.4175,806.924,462.50649999999996,False
2025-07-07 08:00:00,U001,1278.276,581.148875,228.52833245284558,3.0505063311738163,502.18724999999995,1186.6887499999998,684.5014999999999,False
2025-07-07 08:00:00,U005,306.122,104.32808333333334,43.36866364986432,4.652989040562655,95.906,300.6555,204.7495,False
2025-07-07 08:00:00,U006,903.7180000000001,403.1865833333333,161.61431807585296,3.097073468649879,344.4175,806.924,462.50649999999996,False
2025-07-07 09:00:00,U005,295.972,112.85912499999999,58.260437385714205,3.143005497670711,95.906,300.6555,204.7495,False
2025-07-14 06:00:00,U002,705.316,418.15166666666664,90.09021289924475,3.187519754831668,354.81875,750.6415,395.8227499999999,False
2025-07-14 07:00:00,U001,1273.367,549.973625,164.8825191730529,4.387326070878141,502.18724999999995,1186.6887499999998,684.5014999999999,False
2025-07-14 07:00:00,U006,797.944,376.0647916666667,96.81663079467754,4.35750763965364,344.4175,806.924,462.50649999999996,False
2025-07-14 08:00:00,U005,309.195,104.51341666666667,44.072933544408265,4.644156103815836,95.906,300.6555,204.7495,False
2025-07-14 08:00:00,U006,908.615,399.731125,145.13874857328221,3.5061889399098596,344.4175,806.924,462.50649999999996,False
2025-07-14 09:00:00,U005,317.548,113.83699999999999,61.805448360506155,3.2960039188093955,95.906,300.6555,204.7495,False
2025-07-20 19:00:00,U004,1606.795,1222.35425,119.37475043679726,3.220452805918463,1082.42825,1363.5155,281.08725000000004,False
2025-07-21 06:00:00,U002,703.75,406.9725833333334,89.27418896319142,3.324336183989649,354.81875,750.6415,395.8227499999999,False
2025-07-21 07:00:00,U001,1202.567,541.7720416666667,150.72608553741472,4.3840782833128396,502.18724999999995,1186.6887499999998,684.5014999999999,False
2025-07-21 07:00:00,U006,792.0450000000001,369.4245416666667,97.60875282294279,4.329739353395334,344.4175,806.924,462.50649999999996,False
2025-07-21 08:00:00,U001,1214.638,570.3100833333333,203.83065293563155,3.161094307391251,502.18724999999995,1186.6887499999998,684.5014999999999,False
2025-07-21 08:00:00,U005,340.20799999999997,106.44024999999999,50.051395545193564,4.670554086527337,95.906,300.6555,204.7495,False
2025-07-21 08:00:00,U006,839.643,389.062125,136.88788980492234,3.291605091159771,344.4175,806.924,462.50649999999996,False
2025-07-21 09:00:00,U005,351.50600000000003,117.070875,70.6681953020189,3.3174064230461893,95.906,300.6555,204.7495,False
2025-07-28 06:00:00,U002,748.515,393.2372083333333,97.19377785370756,3.6553553068121043,354.81875,750.6415,395.8227499999999,False
2025-07-28 07:00:00,U001,1190.553,525.126875,150.743873128157,4.414283056361958,502.18724999999995,1186.6887499999998,684.5014999999999,False
2025-07-28 07:00:00,U006,840.559,367.61929166666664,105.7065053880147,4.47408327990149,344.4175,806.924,462.50649999999996,False
2025-07-28 08:00:00,U005,326.783,104.666625,47.919353333453955,4.63521227956417,95.906,300.6555,204.7495,False
2025-07-28 08:00:00,U006,846.441,387.8989583333334,143.9106782177247,3.18629616193547,344.4175,806.924,462.50649999999996,False
2025-07-28 09:00:00,U005,325.831,114.80020833333333,65.53372215822122,3.2201862600931603,95.906,300.6555,204.7495,False
2025-08-04 06:00:00,U002,720.147,396.94116666666673,89.39521268023374,3.6154713842388753,354.81875,750.6415,395.8227499999999,False
2025-08-04 07:00:00,U001,1253.766,532.3150833333333,163.3040433461728,4.417838663904551,502.18724999999995,1186.6887499999998,684.5014999999999,False
2025-08-04 07:00:00,U006,797.645,365.6838333333333,98.4385062077128,4.388132076640775,344.4175,806.924,462.50649999999996,False
2025-08-04 08:00:00,U001,1231.455,560.363125,216.95616898857656,3.093214072356408,502.18724999999995,1186.6887499999998,684.5014999999999,False
2025-08-04 08:00:00,U005,336.26,104.71995833333334,50.030189738383825,4.628006467243638,95.906,300.6555,204.7495,False
2025-08-04 08:00:00,U006,814.221,384.16024999999996,134.46183955575464,3.19838514347913,344.4175,806.924,462.50649999999996,False
2025-08-04 09:00:00,U005,309.452,113.81575,65.04680644585108,3.0076226749557575,95.906,300.6555,204.7495,False
2025-08-06 20:00:00,U004,1452.019,1136.2985,104.22235828975346,3.02929721780283,1082.42825,1363.5155,281.08725000000004,False
2025-08-11 06:00:00,U002,739.563,393.8872083333333,95.11642362685329,3.6342387411744044,354.81875,750.6415,395.8227499999999,False
2025-08-11 07:00:00,U001,1170.842,526.0549166666667,148.0934621449482,4.353919977252207,502.18724999999995,1186.6887499999998,684.5014999999999,False
2025-08-11 07:00:00,U006,798.635,360.8255,98.57899643168462,4.441204676935443,344.4175,806.924,462.50649999999996,False
2025-08-11 08:00:00,U001,1275.968,556.2732500000001,213.0802888725738,3.37757543791576,502.18724999999995,1186.6887499999998,684.5014999999999,False
2025-08-11 08:00:00,U005,325.39,102.14183333333335,47.95369725027102,4.6554943511765385,95.906,300.6555,204.7495,False
2025-08-11 08:00:00,U006,812.892,380.0487083333333,134.95874919959715,3.207226609862199,344.4175,806.924,462.50649999999996,False
2025-08-11 09:00:00,U005,327.678,112.226,66.28137929083347,3.2505660308399227,95.906,300.6555,204.7495,False
2025-08-18 06:00:00,U002,713.8530000000001,389.78920833333336,88.96986408499305,3.6423995360618746,354.81875,750.6415,395.8227499999999,False
2025-08-18 07:00:00,U001,1138.896,521.519,142.46065737689963,4.33366665132425,502.18724999999995,1186.6887499999998,684.5014999999999,False
2025-08-18 07:00:00,U006,850.477,359.49820833333337,110.20927165564547,4.454968119204662,344.4175,806.924,462.50649999999996,False
2025-08-18 08:00:00,U001,1153.737,545.943625,192.2463901563703,3.161533355740153,502.18724999999995,1186.6887499999998,684.5014999999999,False
2025-08-18 08:00:00,U005,310.78700000000003,101.38441666666667,45.17889166213017,4.634965038526138,95.906,300.6555,204.7495,False
2025-08-18 08:00:00,U006,846.9920000000001,379.17308333333335,148.54156349711266,3.1494142491354626,344.4175,806.924,462.50649999999996,False
2025-08-18 09:00:00,U005,288.123,109.74866666666668,58.9554689520998,3.025577380755958,95.906,300.6555,204.7495,False
2025-08-19 19:00:00,U002,1361.68585,651.1793125,274.3358737675084,2.5899147921942336,354.81875,750.6415,395.8227499999999,True
2025-08-19 20:00:00,U002,1427.9189000000001,674.8952666666668,314.69307616744953,2.392882749452823,354.81875,750.6415,395.8227499999999,True
2025-08-20 19:00:00,U004,1311.96,1106.890375,65.9962500079628,3.10729208061454,1082.42825,1363.5155,281.08725000000004,False
2025-08-25 06:00:00,U002,695.034,384.9542916666667,87.9398212818572,3.5260443313785266,354.81875,750.6415,395.8227499999999,False
2025-08-25 07:00:00,U001,1166.0620000000001,508.70712499999996,151.47692514567953,4.3396370395544,502.18724999999995,1186.6887499999998,684.5014999999999,False
2025-08-25 07:00:00,U006,858.673,356.079375,111.75427149187492,4.497310199338027,344.4175,806.924,462.50649999999996,False
2025-08-25 08:00:00,U001,1190.763,535.5919166666666,205.81105569046863,3.1833619488288503,502.18724999999995,1186.6887499999998,684.5014999999999,False
2025-08-25 08:00:00,U005,328.152,101.20987500000001,48.713316921608275,4.658728646320794,95.906,300.6555,204.7495,False
2025-08-25 09:00:00,U005,320.357,111.03975000000001,65.93933500294106,3.1743912793579723,95.906,300.6555,204.7495,False
2025-09-01 06:00:00,U002,733.254,386.57195833333327,93.28628218995618,3.7163239173872107,354.81875,750.6415,395.8227499999999,False
2025-09-01 07:00:00,U001,1124.231,517.7933333333333,137.47429871596597,4.411280307162144,502.18724999999995,1186.6887499999998,684.5014999999999,False
2025-09-01 07:00:00,U006,761.527,345.9600833333334,95.54242252251842,4.3495539017625555,344.4175,806.924,462.50649999999996,False
2025-09-01 08:00:00,U001,1252.847,545.891125,203.48615341809958,3.4742210372782942,502.18724999999995,1186.6887499999998,684.5014999999999,False
2025-09-01 08:00:00,U005,328.433,102.44158333333333,48.53087012534243,4.656652890891725,95.906,300.6555,204.7495,False
2025-09-01 08:00:00,U006,807.608,364.69329166666665,134.24561099407487,3.2992863234305814,344.4175,806.924,462.50649999999996,False
2025-09-01 09:00:00,U005,302.917,111.46808333333333,63.295170001807165,3.0247002521867077,95.906,300.6555,204.7495,False
2025-09-08 06:00:00,U002,643.451,375.4785,79.58255190680876,3.3672267799830804,354.81875,750.6415,395.8227499999999,False
2025-09-08 07:00:00,U001,1097.433,511.683875,133.91105553745476,4.374165543308459,502.18724999999995,1186.6887499999998,684.5014999999999,False
2025-09-08 07:00:00,U002,732.258,394.2802916666667,105.4084975072561,3.2063611219775487,354.81875,750.6415,395.8227499999999,False
2025-09-08 07:00:00,U006,802.213,356.28170833333326,100.81400793820065,4.423306847794646,344.4175,806.924,462.50649999999996,False
2025-09-08 08:00:00,U001,1136.871,539.161125,184.62708223906927,3.237390028327695,502.18724999999995,1186.6887499999998,684.5014999999999,False
2025-09-08 08:00:00,U005,295.052,98.95525000000002,42.187208289229275,4.648251400177741,95.906,300.6555,204.7495,False
2025-09-08 08:00:00,U006,800.4830000000001,374.9347916666666,135.56835335276793,3.138993709143882,344.4175,806.924,462.50649999999996,False
2025-09-08 09:00:00,U005,306.49399999999997,108.00049999999999,59.691991350523885,3.325295328721814,95.906,300.6555,204.7495,False
2025-09-14 20:00:00,U005,99.946,87.46216666666668,4.081874065143742,3.0583582771296762,95.906,300.6555,204.7495,False
2025-09-15 06:00:00,U002,666.162,376.8198333333333,82.98078926273477,3.486857250182908,354.81875,750.6415,395.8227499999999,False
2025-09-15 07:00:00,U001,1198.741,511.9715833333333,154.54119010966826,4.443924730871486,502.18724999999995,1186.6887499999998,684.5014999999999,False
2025-09-15 07:00:00,U006,822.417,354.9055,105.76841740166282,4.420142718261474,344.4175,806.924,462.50649999999996,False
2025-09-15 08:00:00,U001,1159.518,540.1867083333333,203.0893472438991,3.0495508507538016,502.18724999999995,1186.6887499999998,684.5014999999999,False
2025-09-15 08:00:00,U005,307.414,99.32716666666666,44.667837945811726,4.658538288460961,95.906,300.6555,204.7495,False
2025-09-15 08:00:00,U006,794.261,372.16141666666664,138.7132123906445,3.0429659587481503,344.4175,806.924,462.50649999999996,False
2025-09-15 09:00:00,U005,282.887,107.7085,58.08119066107718,3.0160969154751673,95.906,300.6555,204.7495,False
2025-09-22 06:00:00,U002,650.557,368.43108333333333,76.36581533753434,3.6944006348872147,354.81875,750.6415,395.8227499999999,False
2025-09-22 07:00:00,U001,1186.588,515.5023333333334,152.14178792441905,4.410922704550103,502.18724999999995,1186.6887499999998,684.5014999999999,False
2025-09-22 07:00:00,U006,812.5640000000001,346.5013333333333,105.33968213920448,4.424378896936231,344.4175,806.924,462.50649999999996,False
2025-09-22 08:00:00,U001,1207.486,543.5057083333332,207.67958034003752,3.1971380651844536,502.18724999999995,1186.6887499999998,684.5014999999999,False
2025-09-22 08:00:00,U005,274.646,97.92366666666668,38.18622399637212,4.627908047418431,95.906,300.6555,204.7495,False
2025-09-22 09:00:00,U005,298.829,106.409875,56.01446036695144,3.4351687714111656,95.906,300.6555,204.7495,False
2025-09-29 06:00:00,U002,639.5459999999999,370.89824999999996,77.56357525576124,3.4635813152520387,354.81875,750.6415,395.8227499999999,False
2025-09-29 07:00:00,U001,1090.002,508.82825,131.57179621630323,4.4171605671823,502.18724999999995,1186.6887499999998,684.5014999999999,False
2025-09-29 07:00:00,U006,782.413,345.5694166666667,99.89055493929266,4.373222108925313,344.4175,806.924,462.50649999999996,False
2025-09-29 08:00:00,U001,1128.028,534.2676666666667,182.48974632222854,3.253664084144815,502.18724999999995,1186.6887499999998,684.5014999999999,False
2025-09-29 08:00:00,U005,290.579,99.44712499999999,40.99752501682385,4.662034474558322,95.906,300.6555,204.7495,False
2025-09-29 09:00:00,U005,280.784,107.29125,55.1743291027129,3.144446934316586,95.906,300.6555,204.7495,False
2025-10-06 06:00:00,U002,658.467,364.22391666666664,80.45844828984744,3.657081258556438,354.81875,750.6415,395.8227499999999,False
2025-10-06 07:00:00,U001,1186.9850000000001,510.9031666666667,149.8146300572345,4.512789125301356,502.18724999999995,1186.6887499999998,684.5014999999999,False
2025-10-06 07:00:00,U002,737.543,383.5328333333334,108.58656042057383,3.260165579382258,354.81875,750.6415,395.8227499999999,False
2025-10-06 07:00:00,U006,820.679,348.64816666666667,106.85064023883626,4.417669676833322,344.4175,806.924,462.50649999999996,False
2025-10-06 08:00:00,U001,1259.965,540.3729166666667,214.14399431241958,3.3603187688911036,502.18724999999995,1186.6887499999998,684.5014999999999,False
2025-10-06 08:00:00,U005,295.49399999999997,99.98341666666666,42.123422868593295,4.64137456120888,95.906,300.6555,204.7495,False
2025-10-06 08:00:00,U006,786.4780000000001,367.7322916666667,139.11815950681398,3.0100003465961844,344.4175,806.924,462.50649999999996,False
2025-10-06 09:00:00,U005,279.588,108.08841666666666,55.665755395319785,3.0808812727933006,95.906,300.6555,204.7495,False
2025-10-13 06:00:00,U002,680.217,373.7610833333333,83.05840011855179,3.689643867799678,354.81875,750.6415,395.8227499999999,False
2025-10-13 07:00:00,U001,1150.518,495.87545833333337,149.58609217639366,4.376359674499047,502.18724999999995,1186.6887499999998,684.5014999999999,False
2025-10-13 07:00:00,U006,776.721,346.66266666666667,96.5081241332086,4.456187882584173,344.4175,806.924,462.50649999999996,False
2025-10-13 08:00:00,U001,1158.572,524.3583333333333,201.5060262183658,3.1473682379076293,502.18724999999995,1186.6887499999998,684.5014999999999,False
2025-10-13 08:00:00,U005,309.832,100.41641666666668,44.98372982671442,4.655362819847099,95.906,300.6555,204.7495,False
2025-10-13 08:00:00,U006,781.935,365.18629166666665,131.10872280319768,3.1786497452110716,344.4175,806.924,462.50649999999996,False
2025-10-20 06:00:00,U002,645.365,372.13545833333325,80.71124929405372,3.38527211580154,354.81875,750.6415,395.8227499999999,False
2025-10-20 07:00:00,U001,1190.567,507.5840416666667,151.99883956463614,4.493343240577182,502.18724999999995,1186.6887499999998,684.5014999999999,False
2025-10-20 07:00:00,U006,820.406,354.04400000000004,105.10117306878809,4.437267314749843,344.4175,806.924,462.50649999999996,False
2025-10-20 08:00:00,U001,1204.163,536.257125,208.1809052920059,3.2082955642024844,502.18724999999995,1186.6887499999998,684.5014999999999,False
2025-10-20 08:00:00,U005,291.905,100.07370833333334,41.33963740662118,4.640371897309914,95.906,300.6555,204.7495,False
2025-10-20 09:00:00,U005,303.58,109.36708333333333,58.334347979268415,3.329306375991182,95.906,300.6555,204.7495,False
2025-10-24 19:00:00,U004,1281.451,1048.35575,70.64297740490278,3.2996238063972476,1082.42825,1363.5155,281.08725000000004,False
2025-10-27 06:00:00,U002,731.702,370.80508333333336,91.99984058016385,3.9227993699858636,354.81875,750.6415,395.8227499999999,False
2025-10-27 07:00:00,U001,1078.083,498.0946666666666,136.205369922755,4.258189920575505,502.18724999999995,1186.6887499999998,684.5014999999999,False
2025-10-27 07:00:00,U006,758.8969999999999,345.3072916666667,94.64074758079173,4.370101873722682,344.4175,806.924,462.50649999999996,False
2025-10-27 08:00:00,U001,1110.451,522.1189166666667,184.9256360808404,3.181452262660562,502.18724999999995,1186.6887499999998,684.5014999999999,False
2025-10-27 08:00:00,U005,314.496,100.903375,45.84089625784485,4.6594338775269355,95.906,300.6555,204.7495,False
2025-10-27 08:00:00,U006,767.958,363.62399999999997,127.91000588525478,3.1610818653446007,344.4175,806.924,462.50649999999996,False
2025-10-27 09:00:00,U005,288.231,109.35904166666666,59.51396520472476,3.0055459708998327,95.906,300.6555,204.7495,False
2025-10-27 19:00:00,U004,1272.587,1073.7055416666667,60.80107610530227,3.271018723235878,1082.42825,1363.5155,281.08725000000004,False
2025-11-03 06:00:00,U002,627.601,369.1590833333333,77.82865207281424,3.320652610363545,354.81875,750.6415,395.8227499999999,False
2025-11-03 07:00:00,U001,1189.255,508.33683333333335,150.55629524638442,4.522681469760853,502.18724999999995,1186.6887499999998,684.5014999999999,False
2025-11-03 07:00:00,U002,734.702,389.2490416666667,104.18496047121972,3.315766083423931,354.81875,750.6415,395.8227499999999,False
2025-11-03 07:00:00,U006,788.966,347.89841666666666,98.95347404799789,4.457322873973998,344.4175,806.924,462.50649999999996,False
2025-11-03 08:00:00,U001,1138.305,535.399125,197.84132042454982,3.047421406742625,502.18724999999995,1186.6887499999998,684.5014999999999,False
2025-11-03 08:00:00,U005,269.135,97.89733333333334,36.863234124864476,4.6452155035188785,95.906,300.6555,204.7495,False
2025-11-03 09:00:00,U005,281.98,106.13020833333333,52.47439801504484,3.351154054521009,95.906,300.6555,204.7495,False
2025-11-10 00:00:00,U005,105.012,88.22204166666666,4.812811927548809,3.488596393560835,95.906,300.6555,204.7495,False
2025-11-10 06:00:00,U002,650.056,372.5124583333333,80.7852371037638,3.43557253301341,354.81875,750.6415,395.8227499999999,False
2025-11-10 07:00:00,U001,1201.656,518.403375,155.13314675206828,4.40429810975191,502.18724999999995,1186.6887499999998,684.5014999999999,False
2025-11-10 07:00:00,U006,770.187,346.65787500000005,96.74221379806286,4.377914339277613,344.4175,806.924,462.50649999999996,False
2025-11-10 08:00:00,U001,1175.248,543.6054583333333,205.04746898408354,3.0804698287482735,502.18724999999995,1186.6887499999998,684.5014999999999,False
2025-11-10 08:00:00,U005,299.917,99.65691666666665,43.17223064597093,4.6386318320112725,95.906,300.6555,204.7495,False
2025-11-10 08:00:00,U006,786.367,365.2479583333334,131.9200305611704,3.1922297158004116,344.4175,806.924,462.50649999999996,False
2025-11-10 09:00:00,U005,296.278,108.40145833333334,58.798657695396976,3.1952522222522526,95.906,300.6555,204.7495,False
2025-11-13 18:00:00,U004,1291.284,1071.3840833333334,73.23623046594977,3.0026110747044297,1082.42825,1363.5155,281.08725000000004,False
2025-11-17 06:00:00,U002,662.708,370.18625,80.95783858025871,3.6132603726815704,354.81875,750.6415,395.8227499999999,False
2025-11-17 07:00:00,U001,1199.614,513.907,156.66310735820167,4.37695263143331,502.18724999999995,1186.6887499999998,684.5014999999999,False
2025-11-17 07:00:00,U006,791.479,350.4436666666666,100.64270927337685,4.382188600819007,344.4175,806.924,462.50649999999996,False
2025-11-17 08:00:00,U001,1221.203,543.4395000000001,213.03499975498394,3.1814654905508957,502.18724999999995,1186.6887499999998,684.5014999999999,False
2025-11-17 08:00:00,U005,285.477,98.94254166666667,40.21092961305018,4.638899426806457,95.906,300.6555,204.7495,False
2025-11-17 08:00:00,U006,779.264,367.23949999999996,133.42004700813683,3.0881753472540154,344.4175,806.924,462.50649999999996,False
2025-11-17 09:00:00,U005,315.754,108.29770833333333,59.722692327322044,3.4736594011814033,95.906,300.6555,204.7495,False
2025-11-24 06:00:00,U002,683.232,379.13420833333333,84.89569254294425,3.5820167379262453,354.81875,750.6415,395.8227499999999,False
2025-11-24 07:00:00,U001,1226.123,506.0831666666666,161.98245490514984,4.445171754897522,502.18724999999995,1186.6887499999998,684.5014999999999,False
2025-11-24 07:00:00,U002,738.62,397.908625,109.9878857415525,3.097717286798269,354.81875,750.6415,395.8227499999999,False
2025-11-24 07:00:00,U006,846.499,358.6367916666666,109.52322449559645,4.454417869635939,344.4175,806.924,462.50649999999996,False
2025-11-24 08:00:00,U001,1193.77,535.6942916666667,214.15381554051547,3.0729114336458454,502.18724999999995,1186.6887499999998,684.5014999999999,False
2025-11-24 08:00:00,U005,293.045,97.94258333333335,41.92640627587611,4.653449555940738,95.906,300.6555,204.7495,False
2025-11-24 08:00:00,U006,806.437,376.60133333333334,142.70600880974573,3.0120362152354736,344.4175,806.924,462.50649999999996,False
2025-11-24 09:00:00,U005,320.433,107.66225000000001,61.69643720969044,3.448671586607935,95.906,300.6555,204.7495,False
2025-12-01 06:00:00,U002,662.95,374.70412500000003,83.1918687280349,3.464832313628072,354.81875,750.6415,395.8227499999999,False
2025-12-01 07:00:00,U001,1186.808,518.905625,148.53656680596526,4.49655185495493,502.18724999999995,1186.6887499999998,684.5014999999999,False
2025-12-01 07:00:00,U006,683.221,345.1046666666667,79.63727372208189,4.245704524156509,344.4175,806.924,462.50649999999996,False
2025-12-01 08:00:00,U001,1157.667,546.4810416666666,197.44968948403994,3.0954009597606187,502.18724999999995,1186.6887499999998,684.5014999999999,False
2025-12-01 08:00:00,U005,282.658,100.34937500000001,39.36365299282939,4.631394983418077,95.906,300.6555,204.7495,False
2025-12-01 08:00:00,U006,846.422,365.817125,129.6941763056227,3.7056781475481264,344.4175,806.924,462.50649999999996,False
2025-12-01 09:00:00,U005,327.49,110.207375,60.72376734375245,3.5782138445063896,95.906,300.6555,204.7495,False
2025-12-08 06:00:00,U002,692.387,378.8804583333333,89.43275254722025,3.505500308750265,354.81875,750.6415,395.8227499999999,False
2025-12-08 07:00:00,U001,1231.7150000000001,519.1761666666666,162.56446916695518,4.383115430971264,502.18724999999995,1186.6887499999998,684.5014999999999,False
2025-12-08 07:00:00,U006,798.087,357.19,98.52388790940137,4.475026405833997,344.4175,806.924,462.50649999999996,False
2025-12-08 08:00:00,U005,312.735,101.47366666666666,45.36050567797918,4.657384880872102,95.906,300.6555,204.7495,False
2025-12-08 08:00:00,U006,828.447,376.2429583333333,137.75138061092917,3.2827550595945816,344.4175,806.924,462.50649999999996,False
2025-12-08 09:00:00,U005,288.387,109.98216666666667,59.05943698230077,3.020767593615879,95.906,300.6555,204.7495,False
2025-12-15 06:00:00,U002,674.8589999999999,388.6610416666667,84.45481973451629,3.3887699865205616,354.81875,750.6415,395.8227499999999,False
2025-12-15 07:00:00,U001,1329.377,526.8025833333332,179.05677587725097,4.4822342675088525,502.18724999999995,1186.6887499999998,684.5014999999999,False
2025-12-15 07:00:00,U002,730.393,407.7281666666667,106.05118414920886,3.042538712998806,354.81875,750.6415,395.8227499999999,False
2025-12-15 07:00:00,U006,824.8330000000001,358.4141666666667,103.56531058128795,4.503620282847927,344.4175,806.924,462.50649999999996,False
2025-12-15 08:00:00,U005,347.419,103.17349999999999,52.4034197125045,4.660869487907068,95.906,300.6555,204.7495,False
2025-12-15 08:00:00,U006,856.043,379.5555,144.98950257684044,3.2863586089446355,344.4175,806.924,462.50649999999996,False
2025-12-21 22:00:00,U005,107.223,91.54304166666667,4.853570433641083,3.230602820688941,95.906,300.6555,204.7495,False
2025-12-22 06:00:00,U002,739.284,390.67291666666665,93.40586853219554,3.732218208678961,354.81875,750.6415,395.8227499999999,False
2025-12-22 07:00:00,U001,1202.285,528.5125,154.71361874626157,4.354965680849481,502.18724999999995,1186.6887499999998,684.5014999999999,False
2025-12-22 07:00:00,U006,787.246,357.3055833333333,97.9156434195021,4.390926737055321,344.4175,806.924,462.50649999999996,False
2025-12-22 08:00:00,U001,1168.9859999999999,555.237625,202.54885109841175,3.0301251854635303,502.18724999999995,1186.6887499999998,684.5014999999999,False
2025-12-22 08:00:00,U005,312.126,103.30491666666666,44.91641206189711,4.649104274971188,95.906,300.6555,204.7495,False
2025-12-22 08:00:00,U006,775.017,374.5650833333334,129.85497085124112,3.0838397178142314,344.4175,806.924,462.50649999999996,False
2025-12-22 09:00:00,U005,286.359,111.51316666666666,58.272034252896006,3.0005102031364865,95.906,300.6555,204.7495,False
2025-12-29 06:00:00,U002,742.769,392.85870833333337,98.14450028379,3.5652562360079534,354.81875,750.6415,395.8227499999999,False
2025-12-29 07:00:00,U001,1264.265,523.6422916666667,166.95003986286923,4.436193659741993,502.18724999999995,1186.6887499999998,684.5014999999999,False
2025-12-29 07:00:00,U006,788.252,357.19083333333333,96.88970451820161,4.448988350312162,344.4175,806.924,462.50649999999996,False
2025-12-29 08:00:00,U005,320.987,103.56658333333333,46.67843125406269,4.65783469635654,95.906,300.6555,204.7495,False
2025-12-29 08:00:00,U006,839.1279999999999,376.46212499999996,138.1379294386356,3.3493036769856026,344.4175,806.924,462.50649999999996,False
2025-12-29 09:00:00,U005,343.302,114.1665,67.46194668880514,3.396514794584538,95.906,300.6555,204.7495,False
