Data,Ano,Mes,NumeroMes,MesAno,Trimestre,Semana,Dia,DiaSemana,NomeDiaSemana,DiaUtil,FimSemana,InicioMes,FimMes
2025-01-01,2025,Janeiro,1,2025-01,Q1,1,1,2,Quarta,True,False,True,False
2025-01-02,2025,Janeiro,1,2025-01,Q1,1,2,3,Quinta,True,False,False,False
2025-01-03,2025,Janeiro,1,2025-01,Q1,1,3,4,Sexta,True,False,False,False
2025-01-04,2025,Janeiro,1,2025-01,Q1,1,4,5,Sábado,False,True,False,False
2025-01-05,2025,Janeiro,1,2025-01,Q1,1,5,6,Domingo,False,True,False,False
2025-01-06,2025,Janeiro,1,2025-01,Q1,2,6,0,Segunda,True,False,False,False
2025-01-07,2025,Janeiro,1,2025-01,Q1,2,7,1,Terça,True,False,False,False
2025-01-08,2025,Janeiro,1,2025-01,Q1,2,8,2,Quarta,True,False,False,False
2025-01-09,2025,Janeiro,1,2025-01,Q1,2,9,3,Quinta,True,False,False,False
2025-01-10,2025,Janeiro,1,2025-01,Q1,2,10,4,Sexta,True,False,False,False
2025-01-11,2025,Janeiro,1,2025-01,Q1,2,11,5,Sábado,False,True,False,False
2025-01-12,2025,Janeiro,1,2025-01,Q1,2,12,6,Domingo,False,True,False,False
2025-01-13,2025,Janeiro,1,2025-01,Q1,3,13,0,Segunda,True,False,False,False
2025-01-14,2025,Janeiro,1,2025-01,Q1,3,14,1,Terça,True,False,False,False
2025-01-15,2025,Janeiro,1,2025-01,Q1,3,15,2,Quarta,True,False,False,False
2025-01-16,2025,Janeiro,1,2025-01,Q1,3,16,3,Quinta,True,False,False,False
2025-01-17,2025,Janeiro,1,2025-01,Q1,3,17,4,Sexta,True,False,False,False
2025-01-18,2025,Janeiro,1,2025-01,Q1,3,18,5,Sábado,False,True,False,False
2025-01-19,2025,Janeiro,1,2025-01,Q1,3,19,6,Domingo,False,True,False,False
2025-01-20,2025,Janeiro,1,2025-01,Q1,4,20,0,Segunda,True,False,False,False
2025-01-21,2025,Janeiro,1,2025-01,Q1,4,21,1,Terça,True,False,False,False
2025-01-22,2025,Janeiro,1,2025-01,Q1,4,22,2,Quarta,True,False,False,False
2025-01-23,2025,Janeiro,1,2025-01,Q1,4,23,3,Quinta,True,False,False,False
2025-01-24,2025,Janeiro,1,2025-01,Q1,4,24,4,Sexta,True,False,False,False
2025-01-25,2025,Janeiro,1,2025-01,Q1,4,25,5,Sábado,False,True,False,False
2025-01-26,2025,Janeiro,1,2025-01,Q1,4,26,6,Domingo,False,True,False,False
2025-01-27,2025,Janeiro,1,2025-01,Q1,5,27,0,Segunda,True,False,False,False
2025-01-28,2025,Janeiro,1,2025-01,Q1,5,28,1,Terça,True,False,False,False
2025-01-29,2025,Janeiro,1,2025-01,Q1,5,29,2,Quarta,True,False,False,False
2025-01-30,2025,Janeiro,1,2025-01,Q1,5,30,3,Quinta,True,False,False,False
2025-01-31,2025,Janeiro,1,2025-01,Q1,5,31,4,Sexta,True,False,False,True
2025-02-01,2025,Fevereiro,2,2025-02,Q1,5,1,5,Sábado,False,True,True,False
2025-02-02,2025,Fevereiro,2,2025-02,Q1,5,2,6,Domingo,False,True,False,False
2025-02-03,2025,Fevereiro,2,2025-02,Q1,6,3,0,Segunda,True,False,False,False
2025-02-04,2025,Fevereiro,2,2025-02,Q1,6,4,1,Terça,True,False,False,False
2025-02-05,2025,Fevereiro,2,2025-02,Q1,6,5,2,Quarta,True,False,False,False
2025-02-06,2025,Fevereiro,2,2025-02,Q1,6,6,3,Quinta,True,False,False,False
2025-02-07,2025,Fevereiro,2,2025-02,Q1,6,7,4,Sexta,True,False,False,False
2025-02-08,2025,Fevereiro,2,2025-02,Q1,6,8,5,Sábado,False,True,False,False
2025-02-09,2025,Fevereiro,2,2025-02,Q1,6,9,6,Domingo,False,True,False,False
2025-02-10,2025,Fevereiro,2,2025-02,Q1,7,10,0,Segunda,True,False,False,False
2025-02-11,2025,Fevereiro,2,2025-02,Q1,7,11,1,Terça,True,False,False,False
2025-02-12,2025,Fevereiro,2,2025-02,Q1,7,12,2,Quarta,True,False,False,False
2025-02-13,2025,Fevereiro,2,2025-02,Q1,7,13,3,Quinta,True,False,False,False
2025-02-14,2025,Fevereiro,2,2025-02,Q1,7,14,4,Sexta,True,False,False,False
2025-02-15,2025,Fevereiro,2,2025-02,Q1,7,15,5,Sábado,False,True,False,False
2025-02-16,2025,Fevereiro,2,2025-02,Q1,7,16,6,Domingo,False,True,False,False
2025-02-17,2025,Fevereiro,2,2025-02,Q1,8,17,0,Segunda,True,False,False,False
2025-02-18,2025,Fevereiro,2,2025-02,Q1,8,18,1,Terça,True,False,False,False
2025-02-19,2025,Fevereiro,2,2025-02,Q1,8,19,2,Quarta,True,False,False,False
2025-02-20,2025,Fevereiro,2,2025-02,Q1,8,20,3,Quinta,True,False,False,False
2025-02-21,2025,Fevereiro,2,2025-02,Q1,8,21,4,Sexta,True,False,False,False
2025-02-22,2025,Fevereiro,2,2025-02,Q1,8,22,5,Sábado,False,True,False,False
2025-02-23,2025,Fevereiro,2,2025-02,Q1,8,23,6,Domingo,False,True,False,False
2025-02-24,2025,Fevereiro,2,2025-02,Q1,9,24,0,Segunda,True,False,False,False
2025-02-25,2025,Fevereiro,2,2025-02,Q1,9,25,1,Terça,True,False,False,False
2025-02-26,2025,Fevereiro,2,2025-02,Q1,9,26,2,Quarta,True,False,False,False
2025-02-27,2025,Fevereiro,2,2025-02,Q1,9,27,3,Quinta,True,False,False,False
2025-02-28,2025,Fevereiro,2,2025-02,Q1,9,28,4,Sexta,True,False,False,True
2025-03-01,2025,Março,3,2025-03,Q1,9,1,5,Sábado,False,True,True,False
2025-03-02,2025,Março,3,2025-03,Q1,9,2,6,Domingo,False,True,False,False
2025-03-03,2025,Março,3,2025-03,Q1,10,3,0,Segunda,True,False,False,False
2025-03-04,2025,Março,3,2025-03,Q1,10,4,1,Terça,True,False,False,False
2025-03-05,2025,Março,3,2025-03,Q1,10,5,2,Quarta,True,False,False,False
2025-03-06,2025,Março,3,2025-03,Q1,10,6,3,Quinta,True,False,False,False
2025-03-07,2025,Março,3,2025-03,Q1,10,7,4,Sexta,True,False,False,False
2025-03-08,2025,Março,3,2025-03,Q1,10,8,5,Sábado,False,True,False,False
2025-03-09,2025,Março,3,2025-03,Q1,10,9,6,Domingo,False,True,False,False
2025-03-10,2025,Março,3,2025-03,Q1,11,10,0,Segunda,True,False,False,False
2025-03-11,2025,Março,3,2025-03,Q1,11,11,1,Terça,True,False,False,False
2025-03-12,2025,Março,3,2025-03,Q1,11,12,2,Quarta,True,False,False,False
2025-03-13,2025,Março,3,2025-03,Q1,11,13,3,Quinta,True,False,False,False
2025-03-14,2025,Março,3,2025-03,Q1,11,14,4,Sexta,True,False,False,False
2025-03-15,2025,Março,3,2025-03,Q1,11,15,5,Sábado,False,True,False,False
2025-03-16,2025,Março,3,2025-03,Q1,11,16,6,Domingo,False,True,False,False
2025-03-17,2025,Março,3,2025-03,Q1,12,17,0,Segunda,True,False,False,False
2025-03-18,2025,Março,3,2025-03,Q1,12,18,1,Terça,True,False,False,False
2025-03-19,2025,Março,3,2025-03,Q1,12,19,2,Quarta,True,False,False,False
2025-03-20,2025,Março,3,2025-03,Q1,12,20,3,Quinta,True,False,False,False
2025-03-21,2025,Março,3,2025-03,Q1,12,21,4,Sexta,True,False,False,False
2025-03-22,2025,Março,3,2025-03,Q1,12,22,5,Sábado,False,True,False,False
2025-03-23,2025,Março,3,2025-03,Q1,12,23,6,Domingo,False,True,False,False
2025-03-24,2025,Março,3,2025-03,Q1,13,24,0,Segunda,True,False,False,False
2025-03-25,2025,Março,3,2025-03,Q1,13,25,1,Terça,True,False,False,False
2025-03-26,2025,Março,3,2025-03,Q1,13,26,2,Quarta,True,False,False,False
2025-03-27,2025,Março,3,2025-03,Q1,13,27,3,Quinta,True,False,False,False
2025-03-28,2025,Março,3,2025-03,Q1,13,28,4,Sexta,True,False,False,False
2025-03-29,2025,Março,3,2025-03,Q1,13,29,5,Sábado,False,True,False,False
2025-03-30,2025,Março,3,2025-03,Q1,13,30,6,Domingo,False,True,False,False
2025-03-31,2025,Março,3,2025-03,Q1,14,31,0,Segunda,True,False,False,True
2025-04-01,2025,Abril,4,2025-04,Q2,14,1,1,Terça,True,False,True,False
2025-04-02,2025,Abril,4,2025-04,Q2,14,2,2,Quarta,True,False,False,False
2025-04-03,2025,Abril,4,2025-04,Q2,14,3,3,Quinta,True,False,False,False
2025-04-04,2025,Abril,4,2025-04,Q2,14,4,4,Sexta,True,False,False,False
2025-04-05,2025,Abril,4,2025-04,Q2,14,5,5,Sábado,False,True,False,False
2025-04-06,2025,Abril,4,2025-04,Q2,14,6,6,Domingo,False,True,False,False
2025-04-07,2025,Abril,4,2025-04,Q2,15,7,0,Segunda,True,False,False,False
2025-04-08,2025,Abril,4,2025-04,Q2,15,8,1,Terça,True,False,False,False
2025-04-09,2025,Abril,4,2025-04,Q2,15,9,2,Quarta,True,False,False,False
2025-04-10,2025,Abril,4,2025-04,Q2,15,10,3,Quinta,True,False,False,False
2025-04-11,2025,Abril,4,2025-04,Q2,15,11,4,Sexta,True,False,False,False
2025-04-12,2025,Abril,4,2025-04,Q2,15,12,5,Sábado,False,True,False,False
2025-04-13,2025,Abril,4,2025-04,Q2,15,13,6,Domingo,False,True,False,False
2025-04-14,2025,Abril,4,2025-04,Q2,16,14,0,Segunda,True,False,False,False
2025-04-15,2025,Abril,4,2025-04,Q2,16,15,1,Terça,True,False,False,False
2025-04-16,2025,Abril,4,2025-04,Q2,16,16,2,Quarta,True,False,False,False
2025-04-17,2025,Abril,4,2025-04,Q2,16,17,3,Quinta,True,False,False,False
2025-04-18,2025,Abril,4,2025-04,Q2,16,18,4,Sexta,True,False,False,False
2025-04-19,2025,Abril,4,2025-04,Q2,16,19,5,Sábado,False,True,False,False
2025-04-20,2025,Abril,4,2025-04,Q2,16,20,6,Domingo,False,True,False,False
2025-04-21,2025,Abril,4,2025-04,Q2,17,21,0,Segunda,True,False,False,False
2025-04-22,2025,Abril,4,2025-04,Q2,17,22,1,Terça,True,False,False,False
2025-04-23,2025,Abril,4,2025-04,Q2,17,23,2,Quarta,True,False,False,False
2025-04-24,2025,Abril,4,2025-04,Q2,17,24,3,Quinta,True,False,False,False
2025-04-25,2025,Abril,4,2025-04,Q2,17,25,4,Sexta,True,False,False,False
2025-04-26,2025,Abril,4,2025-04,Q2,17,26,5,Sábado,False,True,False,False
2025-04-27,2025,Abril,4,2025-04,Q2,17,27,6,Domingo,False,True,False,False
2025-04-28,2025,Abril,4,2025-04,Q2,18,28,0,Segunda,True,False,False,False
2025-04-29,2025,Abril,4,2025-04,Q2,18,29,1,Terça,True,False,False,False
2025-04-30,2025,Abril,4,2025-04,Q2,18,30,2,Quarta,True,False,False,True
2025-05-01,2025,Maio,5,2025-05,Q2,18,1,3,Quinta,True,False,True,False
2025-05-02,2025,Maio,5,2025-05,Q2,18,2,4,Sexta,True,False,False,False
2025-05-03,2025,Maio,5,2025-05,Q2,18,3,5,Sábado,False,True,False,False
2025-05-04,2025,Maio,5,2025-05,Q2,18,4,6,Domingo,False,True,False,False
2025-05-05,2025,Maio,5,2025-05,Q2,19,5,0,Segunda,True,False,False,False
2025-05-06,2025,Maio,5,2025-05,Q2,19,6,1,Terça,True,False,False,False
2025-05-07,2025,Maio,5,2025-05,Q2,19,7,2,Quarta,True,False,False,False
2025-05-08,2025,Maio,5,2025-05,Q2,19,8,3,Quinta,True,False,False,False
2025-05-09,2025,Maio,5,2025-05,Q2,19,9,4,Sexta,True,False,False,False
2025-05-10,2025,Maio,5,2025-05,Q2,19,10,5,Sábado,False,True,False,False
2025-05-11,2025,Maio,5,2025-05,Q2,19,11,6,Domingo,False,True,False,False
2025-05-12,2025,Maio,5,2025-05,Q2,20,12,0,Segunda,True,False,False,False
2025-05-13,2025,Maio,5,2025-05,Q2,20,13,1,Terça,True,False,False,False
2025-05-14,2025,Maio,5,2025-05,Q2,20,14,2,Quarta,True,False,False,False
2025-05-15,2025,Maio,5,2025-05,Q2,20,15,3,Quinta,True,False,False,False
2025-05-16,2025,Maio,5,2025-05,Q2,20,16,4,Sexta,True,False,False,False
2025-05-17,2025,Maio,5,2025-05,Q2,20,17,5,Sábado,False,True,False,False
2025-05-18,2025,Maio,5,2025-05,Q2,20,18,6,Domingo,False,True,False,False
2025-05-19,2025,Maio,5,2025-05,Q2,21,19,0,Segunda,True,False,False,False
2025-05-20,2025,Maio,5,2025-05,Q2,21,20,1,Terça,True,False,False,False
2025-05-21,2025,Maio,5,2025-05,Q2,21,21,2,Quarta,True,False,False,False
2025-05-22,2025,Maio,5,2025-05,Q2,21,22,3,Quinta,True,False,False,False
2025-05-23,2025,Maio,5,2025-05,Q2,21,23,4,Sexta,True,False,False,False
2025-05-24,2025,Maio,5,2025-05,Q2,21,24,5,Sábado,False,True,False,False
2025-05-25,2025,Maio,5,2025-05,Q2,21,25,6,Domingo,False,True,False,False
2025-05-26,2025,Maio,5,2025-05,Q2,22,26,0,Segunda,True,False,False,False
2025-05-27,2025,Maio,5,2025-05,Q2,22,27,1,Terça,True,False,False,False
2025-05-28,2025,Maio,5,2025-05,Q2,22,28,2,Quarta,True,False,False,False
2025-05-29,2025,Maio,5,2025-05,Q2,22,29,3,Quinta,True,False,False,False
2025-05-30,2025,Maio,5,2025-05,Q2,22,30,4,Sexta,True,False,False,False
2025-05-31,2025,Maio,5,2025-05,Q2,22,31,5,Sábado,False,True,False,True
2025-06-01,2025,Junho,6,2025-06,Q2,22,1,6,Domingo,False,True,True,False
2025-06-02,2025,Junho,6,2025-06,Q2,23,2,0,Segunda,True,False,False,False
2025-06-03,2025,Junho,6,2025-06,Q2,23,3,1,Terça,True,False,False,False
2025-06-04,2025,Junho,6,2025-06,Q2,23,4,2,Quarta,True,False,False,False
2025-06-05,2025,Junho,6,2025-06,Q2,23,5,3,Quinta,True,False,False,False
2025-06-06,2025,Junho,6,2025-06,Q2,23,6,4,Sexta,True,False,False,False
2025-06-07,2025,Junho,6,2025-06,Q2,23,7,5,Sábado,False,True,False,False
2025-06-08,2025,Junho,6,2025-06,Q2,23,8,6,Domingo,False,True,False,False
2025-06-09,2025,Junho,6,2025-06,Q2,24,9,0,Segunda,True,False,False,False
2025-06-10,2025,Junho,6,2025-06,Q2,24,10,1,Terça,True,False,False,False
2025-06-11,2025,Junho,6,2025-06,Q2,24,11,2,Quarta,True,False,False,False
2025-06-12,2025,Junho,6,2025-06,Q2,24,12,3,Quinta,True,False,False,False
2025-06-13,2025,Junho,6,2025-06,Q2,24,13,4,Sexta,True,False,False,False
2025-06-14,2025,Junho,6,2025-06,Q2,24,14,5,Sábado,False,True,False,False
2025-06-15,2025,Junho,6,2025-06,Q2,24,15,6,Domingo,False,True,False,False
2025-06-16,2025,Junho,6,2025-06,Q2,25,16,0,Segunda,True,False,False,False
2025-06-17,2025,Junho,6,2025-06,Q2,25,17,1,Terça,True,False,False,False
2025-06-18,2025,Junho,6,2025-06,Q2,25,18,2,Quarta,True,False,False,False
2025-06-19,2025,Junho,6,2025-06,Q2,25,19,3,Quinta,True,False,False,False
2025-06-20,2025,Junho,6,2025-06,Q2,25,20,4,Sexta,True,False,False,False
2025-06-21,2025,Junho,6,2025-06,Q2,25,21,5,Sábado,False,True,False,False
2025-06-22,2025,Junho,6,2025-06,Q2,25,22,6,Domingo,False,True,False,False
2025-06-23,2025,Junho,6,2025-06,Q2,26,23,0,Segunda,True,False,False,False
2025-06-24,2025,Junho,6,2025-06,Q2,26,24,1,Terça,True,False,False,False
2025-06-25,2025,Junho,6,2025-06,Q2,26,25,2,Quarta,True,False,False,False
2025-06-26,2025,Junho,6,2025-06,Q2,26,26,3,Quinta,True,False,False,False
2025-06-27,2025,Junho,6,2025-06,Q2,26,27,4,Sexta,True,False,False,False
2025-06-28,2025,Junho,6,2025-06,Q2,26,28,5,Sábado,False,True,False,False
2025-06-29,2025,Junho,6,2025-06,Q2,26,29,6,Domingo,False,True,False,False
2025-06-30,2025,Junho,6,2025-06,Q2,27,30,0,Segunda,True,False,False,True
2025-07-01,2025,Julho,7,2025-07,Q3,27,1,1,Terça,True,False,True,False
2025-07-02,2025,Julho,7,2025-07,Q3,27,2,2,Quarta,True,False,False,False
2025-07-03,2025,Julho,7,2025-07,Q3,27,3,3,Quinta,True,False,False,False
2025-07-04,2025,Julho,7,2025-07,Q3,27,4,4,Sexta,True,False,False,False
2025-07-05,2025,Julho,7,2025-07,Q3,27,5,5,Sábado,False,True,False,False
2025-07-06,2025,Julho,7,2025-07,Q3,27,6,6,Domingo,False,True,False,False
2025-07-07,2025,Julho,7,2025-07,Q3,28,7,0,Segunda,True,False,False,False
2025-07-08,2025,Julho,7,2025-07,Q3,28,8,1,Terça,True,False,False,False
2025-07-09,2025,Julho,7,2025-07,Q3,28,9,2,Quarta,True,False,False,False
2025-07-10,2025,Julho,7,2025-07,Q3,28,10,3,Quinta,True,False,False,False
2025-07-11,2025,Julho,7,2025-07,Q3,28,11,4,Sexta,True,False,False,False
2025-07-12,2025,Julho,7,2025-07,Q3,28,12,5,Sábado,False,True,False,False
2025-07-13,2025,Julho,7,2025-07,Q3,28,13,6,Domingo,False,True,False,False
2025-07-14,2025,Julho,7,2025-07,Q3,29,14,0,Segunda,True,False,False,False
2025-07-15,2025,Julho,7,2025-07,Q3,29,15,1,Terça,True,False,False,False
2025-07-16,2025,Julho,7,2025-07,Q3,29,16,2,Quarta,True,False,False,False
2025-07-17,2025,Julho,7,2025-07,Q3,29,17,3,Quinta,True,False,False,False
2025-07-18,2025,Julho,7,2025-07,Q3,29,18,4,Sexta,True,False,False,False
2025-07-19,2025,Julho,7,2025-07,Q3,29,19,5,Sábado,False,True,False,False
2025-07-20,2025,Julho,7,2025-07,Q3,29,20,6,Domingo,False,True,False,False
2025-07-21,2025,Julho,7,2025-07,Q3,30,21,0,Segunda,True,False,False,False
2025-07-22,2025,Julho,7,2025-07,Q3,30,22,1,Terça,True,False,False,False
2025-07-23,2025,Julho,7,2025-07,Q3,30,23,2,Quarta,True,False,False,False
2025-07-24,2025,Julho,7,2025-07,Q3,30,24,3,Quinta,True,False,False,False
2025-07-25,2025,Julho,7,2025-07,Q3,30,25,4,Sexta,True,False,False,False
2025-07-26,2025,Julho,7,2025-07,Q3,30,26,5,Sábado,False,True,False,False
2025-07-27,2025,Julho,7,2025-07,Q3,30,27,6,Domingo,False,True,False,False
2025-07-28,2025,Julho,7,2025-07,Q3,31,28,0,Segunda,True,False,False,False
2025-07-29,2025,Julho,7,2025-07,Q3,31,29,1,Terça,True,False,False,False
2025-07-30,2025,Julho,7,2025-07,Q3,31,30,2,Quarta,True,False,False,False
2025-07-31,2025,Julho,7,2025-07,Q3,31,31,3,Quinta,True,False,False,True
2025-08-01,2025,Agosto,8,2025-08,Q3,31,1,4,Sexta,True,False,True,False
2025-08-02,2025,Agosto,8,2025-08,Q3,31,2,5,Sábado,False,True,False,False
2025-08-03,2025,Agosto,8,2025-08,Q3,31,3,6,Domingo,False,True,False,False
2025-08-04,2025,Agosto,8,2025-08,Q3,32,4,0,Segunda,True,False,False,False
2025-08-05,2025,Agosto,8,2025-08,Q3,32,5,1,Terça,True,False,False,False
2025-08-06,2025,Agosto,8,2025-08,Q3,32,6,2,Quarta,True,False,False,False
2025-08-07,2025,Agosto,8,2025-08,Q3,32,7,3,Quinta,True,False,False,False
2025-08-08,2025,Agosto,8,2025-08,Q3,32,8,4,Sexta,True,False,False,False
2025-08-09,2025,Agosto,8,2025-08,Q3,32,9,5,Sábado,False,True,False,False
2025-08-10,2025,Agosto,8,2025-08,Q3,32,10,6,Domingo,False,True,False,False
2025-08-11,2025,Agosto,8,2025-08,Q3,33,11,0,Segunda,True,False,False,False
2025-08-12,2025,Agosto,8,2025-08,Q3,33,12,1,Terça,True,False,False,False
2025-08-13,2025,Agosto,8,2025-08,Q3,33,13,2,Quarta,True,False,False,False
2025-08-14,2025,Agosto,8,2025-08,Q3,33,14,3,Quinta,True,False,False,False
2025-08-15,2025,Agosto,8,2025-08,Q3,33,15,4,Sexta,True,False,False,False
2025-08-16,2025,Agosto,8,2025-08,Q3,33,16,5,Sábado,False,True,False,False
2025-08-17,2025,Agosto,8,2025-08,Q3,33,17,6,Domingo,False,True,False,False
2025-08-18,2025,Agosto,8,2025-08,Q3,34,18,0,Segunda,True,False,False,False
2025-08-19,2025,Agosto,8,2025-08,Q3,34,19,1,Terça,True,False,False,False
2025-08-20,2025,Agosto,8,2025-08,Q3,34,20,2,Quarta,True,False,False,False
2025-08-21,2025,Agosto,8,2025-08,Q3,34,21,3,Quinta,True,False,False,False
2025-08-22,2025,Agosto,8,2025-08,Q3,34,22,4,Sexta,True,False,False,False
2025-08-23,2025,Agosto,8,2025-08,Q3,34,23,5,Sábado,False,True,False,False
2025-08-24,2025,Agosto,8,2025-08,Q3,34,24,6,Domingo,False,True,False,False
2025-08-25,2025,Agosto,8,2025-08,Q3,35,25,0,Segunda,True,False,False,False
2025-08-26,2025,Agosto,8,2025-08,Q3,35,26,1,Terça,True,False,False,False
2025-08-27,2025,Agosto,8,2025-08,Q3,35,27,2,Quarta,True,False,False,False
2025-08-28,2025,Agosto,8,2025-08,Q3,35,28,3,Quinta,True,False,False,False
2025-08-29,2025,Agosto,8,2025-08,Q3,35,29,4,Sexta,True,False,False,False
2025-08-30,2025,Agosto,8,2025-08,Q3,35,30,5,Sábado,False,True,False,False
2025-08-31,2025,Agosto,8,2025-08,Q3,35,31,6,Domingo,False,True,False,True
2025-09-01,2025,Setembro,9,2025-09,Q3,36,1,0,Segunda,True,False,True,False
2025-09-02,2025,Setembro,9,2025-09,Q3,36,2,1,Terça,True,False,False,False
2025-09-03,2025,Setembro,9,2025-09,Q3,36,3,2,Quarta,True,False,False,False
2025-09-04,2025,Setembro,9,2025-09,Q3,36,4,3,Quinta,True,False,False,False
2025-09-05,2025,Setembro,9,2025-09,Q3,36,5,4,Sexta,True,False,False,False
2025-09-06,2025,Setembro,9,2025-09,Q3,36,6,5,Sábado,False,True,False,False
2025-09-07,2025,Setembro,9,2025-09,Q3,36,7,6,Domingo,False,True,False,False
2025-09-08,2025,Setembro,9,2025-09,Q3,37,8,0,Segunda,True,False,False,False
2025-09-09,2025,Setembro,9,2025-09,Q3,37,9,1,Terça,True,False,False,False
2025-09-10,2025,Setembro,9,2025-09,Q3,37,10,2,Quarta,True,False,False,False
2025-09-11,2025,Setembro,9,2025-09,Q3,37,11,3,Quinta,True,False,False,False
2025-09-12,2025,Setembro,9,2025-09,Q3,37,12,4,Sexta,True,False,False,False
2025-09-13,2025,Setembro,9,2025-09,Q3,37,13,5,Sábado,False,True,False,False
2025-09-14,2025,Setembro,9,2025-09,Q3,37,14,6,Domingo,False,True,False,False
2025-09-15,2025,Setembro,9,2025-09,Q3,38,15,0,Segunda,True,False,False,False
2025-09-16,2025,Setembro,9,2025-09,Q3,38,16,1,Terça,True,False,False,False
2025-09-17,2025,Setembro,9,2025-09,Q3,38,17,2,Quarta,True,False,False,False
2025-09-18,2025,Setembro,9,2025-09,Q3,38,18,3,Quinta,True,False,False,False
2025-09-19,2025,Setembro,9,2025-09,Q3,38,19,4,Sexta,True,False,False,False
2025-09-20,2025,Setembro,9,2025-09,Q3,38,20,5,Sábado,False,True,False,False
2025-09-21,2025,Setembro,9,2025-09,Q3,38,21,6,Domingo,False,True,False,False
2025-09-22,2025,Setembro,9,2025-09,Q3,39,22,0,Segunda,True,False,False,False
2025-09-23,2025,Setembro,9,2025-09,Q3,39,23,1,Terça,True,False,False,False
2025-09-24,2025,Setembro,9,2025-09,Q3,39,24,2,Quarta,True,False,False,False
2025-09-25,2025,Setembro,9,2025-09,Q3,39,25,3,Quinta,True,False,False,False
2025-09-26,2025,Setembro,9,2025-09,Q3,39,26,4,Sexta,True,False,False,False
2025-09-27,2025,Setembro,9,2025-09,Q3,39,27,5,Sábado,False,True,False,False
2025-09-28,2025,Setembro,9,2025-09,Q3,39,28,6,Domingo,False,True,False,False
2025-09-29,2025,Setembro,9,2025-09,Q3,40,29,0,Segunda,True,False,False,False
2025-09-30,2025,Setembro,9,2025-09,Q3,40,30,1,Terça,True,False,False,True
2025-10-01,2025,Outubro,10,2025-10,Q4,40,1,2,Quarta,True,False,True,False
2025-10-02,2025,Outubro,10,2025-10,Q4,40,2,3,Quinta,True,False,False,False
2025-10-03,2025,Outubro,10,2025-10,Q4,40,3,4,Sexta,True,False,False,False
2025-10-04,2025,Outubro,10,2025-10,Q4,40,4,5,Sábado,False,True,False,False
2025-10-05,2025,Outubro,10,2025-10,Q4,40,5,6,Domingo,False,True,False,False
2025-10-06,2025,Outubro,10,2025-10,Q4,41,6,0,Segunda,True,False,False,False
2025-10-07,2025,Outubro,10,2025-10,Q4,41,7,1,Terça,True,False,False,False
2025-10-08,2025,Outubro,10,2025-10,Q4,41,8,2,Quarta,True,False,False,False
2025-10-09,2025,Outubro,10,2025-10,Q4,41,9,3,Quinta,True,False,False,False
2025-10-10,2025,Outubro,10,2025-10,Q4,41,10,4,Sexta,True,False,False,False
2025-10-11,2025,Outubro,10,2025-10,Q4,41,11,5,Sábado,False,True,False,False
2025-10-12,2025,Outubro,10,2025-10,Q4,41,12,6,Domingo,False,True,False,False
2025-10-13,2025,Outubro,10,2025-10,Q4,42,13,0,Segunda,True,False,False,False
2025-10-14,2025,Outubro,10,2025-10,Q4,42,14,1,Terça,True,False,False,False
2025-10-15,2025,Outubro,10,2025-10,Q4,42,15,2,Quarta,True,False,False,False
2025-10-16,2025,Outubro,10,2025-10,Q4,42,16,3,Quinta,True,False,False,False
2025-10-17,2025,Outubro,10,2025-10,Q4,42,17,4,Sexta,True,False,False,False
2025-10-18,2025,Outubro,10,2025-10,Q4,42,18,5,Sábado,False,True,False,False
2025-10-19,2025,Outubro,10,2025-10,Q4,42,19,6,Domingo,False,True,False,False
2025-10-20,2025,Outubro,10,2025-10,Q4,43,20,0,Segunda,True,False,False,False
2025-10-21,2025,Outubro,10,2025-10,Q4,43,21,1,Terça,True,False,False,False
2025-10-22,2025,Outubro,10,2025-10,Q4,43,22,2,Quarta,True,False,False,False
2025-10-23,2025,Outubro,10,2025-10,Q4,43,23,3,Quinta,True,False,False,False
2025-10-24,2025,Outubro,10,2025-10,Q4,43,24,4,Sexta,True,False,False,False
2025-10-25,2025,Outubro,10,2025-10,Q4,43,25,5,Sábado,False,True,False,False
2025-10-26,2025,Outubro,10,2025-10,Q4,43,26,6,Domingo,False,True,False,False
2025-10-27,2025,Outubro,10,2025-10,Q4,44,27,0,Segunda,True,False,False,False
2025-10-28,2025,Outubro,10,2025-10,Q4,44,28,1,Terça,True,False,False,False
2025-10-29,2025,Outubro,10,2025-10,Q4,44,29,2,Quarta,True,False,False,False
2025-10-30,2025,Outubro,10,2025-10,Q4,44,30,3,Quinta,True,False,False,False
2025-10-31,2025,Outubro,10,2025-10,Q4,44,31,4,Sexta,True,False,False,True
2025-11-01,2025,Novembro,11,2025-11,Q4,44,1,5,Sábado,False,True,True,False
2025-11-02,2025,Novembro,11,2025-11,Q4,44,2,6,Domingo,False,True,False,False
2025-11-03,2025,Novembro,11,2025-11,Q4,45,3,0,Segunda,True,False,False,False
2025-11-04,2025,Novembro,11,2025-11,Q4,45,4,1,Terça,True,False,False,False
2025-11-05,2025,Novembro,11,2025-11,Q4,45,5,2,Quarta,True,False,False,False
2025-11-06,2025,Novembro,11,2025-11,Q4,45,6,3,Quinta,True,False,False,False
2025-11-07,2025,Novembro,11,2025-11,Q4,45,7,4,Sexta,True,False,False,False
2025-11-08,2025,Novembro,11,2025-11,Q4,45,8,5,Sábado,False,True,False,False
2025-11-09,2025,Novembro,11,2025-11,Q4,45,9,6,Domingo,False,True,False,False
2025-11-10,2025,Novembro,11,2025-11,Q4,46,10,0,Segunda,True,False,False,False
2025-11-11,2025,Novembro,11,2025-11,Q4,46,11,1,Terça,True,False,False,False
2025-11-12,2025,Novembro,11,2025-11,Q4,46,12,2,Quarta,True,False,False,False
2025-11-13,2025,Novembro,11,2025-11,Q4,46,13,3,Quinta,True,False,False,False
2025-11-14,2025,Novembro,11,2025-11,Q4,46,14,4,Sexta,True,False,False,False
2025-11-15,2025,Novembro,11,2025-11,Q4,46,15,5,Sábado,False,True,False,False
2025-11-16,2025,Novembro,11,2025-11,Q4,46,16,6,Domingo,False,True,False,False
2025-11-17,2025,Novembro,11,2025-11,Q4,47,17,0,Segunda,True,False,False,False
2025-11-18,2025,Novembro,11,2025-11,Q4,47,18,1,Terça,True,False,False,False
2025-11-19,2025,Novembro,11,2025-11,Q4,47,19,2,Quarta,True,False,False,False
2025-11-20,2025,Novembro,11,2025-11,Q4,47,20,3,Quinta,True,False,False,False
2025-11-21,2025,Novembro,11,2025-11,Q4,47,21,4,Sexta,True,False,False,False
2025-11-22,2025,Novembro,11,2025-11,Q4,47,22,5,Sábado,False,True,False,False
2025-11-23,2025,Novembro,11,2025-11,Q4,47,23,6,Domingo,False,True,False,False
2025-11-24,2025,Novembro,11,2025-11,Q4,48,24,0,Segunda,True,False,False,False
2025-11-25,2025,Novembro,11,2025-11,Q4,48,25,1,Terça,True,False,False,False
2025-11-26,2025,Novembro,11,2025-11,Q4,48,26,2,Quarta,True,False,False,False
2025-11-27,2025,Novembro,11,2025-11,Q4,48,27,3,Quinta,True,False,False,False
2025-11-28,2025,Novembro,11,2025-11,Q4,48,28,4,Sexta,True,False,False,False
2025-11-29,2025,Novembro,11,2025-11,Q4,48,29,5,Sábado,False,True,False,False
2025-11-30,2025,Novembro,11,2025-11,Q4,48,30,6,Domingo,False,True,False,True
2025-12-01,2025,Dezembro,12,2025-12,Q4,49,1,0,Segunda,True,False,True,False
2025-12-02,2025,Dezembro,12,2025-12,Q4,49,2,1,Terça,True,False,False,False
2025-12-03,2025,Dezembro,12,2025-12,Q4,49,3,2,Quarta,True,False,False,False
2025-12-04,2025,Dezembro,12,2025-12,Q4,49,4,3,Quinta,True,False,False,False
2025-12-05,2025,Dezembro,12,2025-12,Q4,49,5,4,Sexta,True,False,False,False
2025-12-06,2025,Dezembro,12,2025-12,Q4,49,6,5,Sábado,False,True,False,False
2025-12-07,2025,Dezembro,12,2025-12,Q4,49,7,6,Domingo,False,True,False,False
2025-12-08,2025,Dezembro,12,2025-12,Q4,50,8,0,Segunda,True,False,False,False
2025-12-09,2025,Dezembro,12,2025-12,Q4,50,9,1,Terça,True,False,False,False
2025-12-10,2025,Dezembro,12,2025-12,Q4,50,10,2,Quarta,True,False,False,False
2025-12-11,2025,Dezembro,12,2025-12,Q4,50,11,3,Quinta,True,False,False,False
2025-12-12,2025,Dezembro,12,2025-12,Q4,50,12,4,Sexta,True,False,False,False
2025-12-13,2025,Dezembro,12,2025-12,Q4,50,13,5,Sábado,False,True,False,False
2025-12-14,2025,Dezembro,12,2025-12,Q4,50,14,6,Domingo,False,True,False,False
2025-12-15,2025,Dezembro,12,2025-12,Q4,51,15,0,Segunda,True,False,False,False
2025-12-16,2025,Dezembro,12,2025-12,Q4,51,16,1,Terça,True,False,False,False
2025-12-17,2025,Dezembro,12,2025-12,Q4,51,17,2,Quarta,True,False,False,False
2025-12-18,2025,Dezembro,12,2025-12,Q4,51,18,3,Quinta,True,False,False,False
2025-12-19,2025,Dezembro,12,2025-12,Q4,51,19,4,Sexta,True,False,False,False
2025-12-20,2025,Dezembro,12,2025-12,Q4,51,20,5,Sábado,False,True,False,False
2025-12-21,2025,Dezembro,12,2025-12,Q4,51,21,6,Domingo,False,True,False,False
2025-12-22,2025,Dezembro,12,2025-12,Q4,52,22,0,Segunda,True,False,False,False
2025-12-23,2025,Dezembro,12,2025-12,Q4,52,23,1,Terça,True,False,False,False
2025-12-24,2025,Dezembro,12,2025-12,Q4,52,24,2,Quarta,True,False,False,False
2025-12-25,2025,Dezembro,12,2025-12,Q4,52,25,3,Quinta,True,False,False,False
2025-12-26,2025,Dezembro,12,2025-12,Q4,52,26,4,Sexta,True,False,False,False
2025-12-27,2025,Dezembro,12,2025-12,Q4,52,27,5,Sábado,False,True,False,False
2025-12-28,2025,Dezembro,12,2025-12,Q4,52,28,6,Domingo,False,True,False,False
2025-12-29,2025,Dezembro,12,2025-12,Q4,1,29,0,Segunda,True,False,False,False
2025-12-30,2025,Dezembro,12,2025-12,Q4,1,30,1,Terça,True,False,False,False
2025-12-31,2025,Dezembro,12,2025-12,Q4,1,31,2,Quarta,True,False,False,True
